0x803F0F34, 0x3E008033
0x803F0F3C, 0x62105000
0x803F0F44, 0x3E205343
0x803F0F4C, 0x6231524E
0x803F0F34, 0x3E40626C
0x803F0F3C, 0x62526F31
0x803F0F44, 0x3E600000
0x803F0F4C, 0x62731740
0x803F0F34, 0x3E800000
0x803F0F3C, 0x62940070
0x803F0F44, 0x3EA00000
0x803F0F4C, 0x62B50000
0x803F0F34, 0x3EC00000
0x803F0F3C, 0x62D60000
0x803F0F44, 0x3EE00000
0x803F0F4C, 0x62F70000
0x803F0F34, 0x3F000000
0x803F0F3C, 0x63180000
0x803F0F44, 0x3F20494E
0x803F0F4C, 0x63394631
0x803F0F34, 0x3F400000
0x803F0F3C, 0x635A0010
0x803F0F44, 0x3F600280
0x803F0F4C, 0x637B01E0
0x803F0F34, 0x3F809295
0x803F0F3C, 0x639C9200
0x803F0F44, 0x3FA05041
0x803F0F4C, 0x63BD4E31
0x803F0F34, 0x3FC00000
0x803F0F3C, 0x63DE0018
0x803F0F44, 0x3FE00601
0x803F0F4C, 0x63FF0000
0x803F0F34, 0x60000000
0x803F0F3C, 0x60000000
0x803F0F44, 0x60000000
0x803F0F4C, 0xBE300000
0x803F0F34, 0x60000000
0x803F0F3C, 0x60000000
0x803F0F44, 0x60000000
0x803F0F4C, 0x60000000
0x803F0F4C, 0xBE300000
0x803F0F34, 0x3E008033
0x803F0F3C, 0x6210503C
0x803F0F44, 0x3E20524F
0x803F0F4C, 0x62314F54
0x803F0F34, 0x3E400000
0x803F0F3C, 0x62520000
0x803F0F44, 0x3E600280
0x803F0F4C, 0x627301E0
0x803F0F34, 0x3E804247
0x803F0F3C, 0x62944E31
0x803F0F44, 0x3EA00000
0x803F0F4C, 0x62B50008
0x803F0F34, 0x3EC05049
0x803F0F3C, 0x62D64331
0x803F0F44, 0x3EE00000
0x803F0F4C, 0x62F70040
0x803F0F34, 0x3F000901
0x803F0F3C, 0x63180000
0x803F0F44, 0x3F206D73
0x803F0F4C, 0x63393032
0x803F0F34, 0x3F40FFC8
0x803F0F3C, 0x635AFFC8
0x803F0F44, 0x3F6002EE
0x803F0F4C, 0x637B0258
0x803F0F34, 0x3F800000
0x803F0F3C, 0x639C00C8
0x803F0F44, 0x3FA00702
0x803F0F4C, 0x63BD1367
0x803F0F34, 0x3FC05F63
0x803F0F3C, 0x63DE6C6F
0x803F0F44, 0x3FE07468
0x803F0F4C, 0x63FF5F70
0x803F0F34, 0x60000000
0x803F0F3C, 0x60000000
0x803F0F44, 0x60000000
0x803F0F4C, 0xBE300000
0x803F0F34, 0x60000000
0x803F0F3C, 0x60000000
0x803F0F44, 0x60000000
0x803F0F4C, 0x60000000
0x803F0F4C, 0xBE300000
0x803F0F34, 0x3E008033
0x803F0F3C, 0x62105078
0x803F0F44, 0x3E206965
0x803F0F4C, 0x62316365
0x803F0F34, 0x3E403031
0x803F0F3C, 0x62522E62
0x803F0F44, 0x3E607469
0x803F0F4C, 0x62730000
0x803F0F34, 0x3E800A00
0x803F0F3C, 0x62940A00
0x803F0F44, 0x3EA00000
0x803F0F4C, 0x62B500C8
0x803F0F34, 0x3EC039CB
0x803F0F3C, 0x62D6FF00
0x803F0F44, 0x3EE05049
0x803F0F4C, 0x62F74331
0x803F0F34, 0x3F000000
0x803F0F3C, 0x63180048
0x803F0F44, 0x3F200901
0x803F0F4C, 0x63390000
0x803F0F34, 0x3F406D73
0x803F0F3C, 0x635A3031
0x803F0F44, 0x3F60FFC8
0x803F0F4C, 0x637BFFC8
0x803F0F34, 0x3F8002EE
0x803F0F3C, 0x639C0258
0x803F0F44, 0x3FA00000
0x803F0F4C, 0x63BD04A2
0x803F0F34, 0x3FC00B02
0x803F0F3C, 0x63DE0962
0x803F0F44, 0x3FE06C61
0x803F0F4C, 0x63FF636B
0x803F0F34, 0x60000000
0x803F0F3C, 0x60000000
0x803F0F44, 0x60000000
0x803F0F4C, 0xBE300000
0x803F0F34, 0x60000000
0x803F0F3C, 0x60000000
0x803F0F44, 0x60000000
0x803F0F4C, 0x60000000
0x803F0F4C, 0xBE300000
0x803F0F34, 0x3E008033
0x803F0F3C, 0x621050B4
0x803F0F44, 0x3E202E62
0x803F0F4C, 0x62317469
0x803F0F34, 0x3E400000
0x803F0F3C, 0x62520F00
0x803F0F44, 0x3E600A39
0x803F0F4C, 0x62730048
0x803F0F34, 0x3E8000FF
0x803F0F3C, 0x6294FFFF
0x803F0F44, 0x3EA0FFFF
0x803F0F4C, 0x62B5FF00
0x803F0F34, 0x3EC0FFFF
0x803F0F3C, 0x62D6FFFF
0x803F0F44, 0x3EE0FFFF
0x803F0F4C, 0x62F7FFFF
0x803F0F34, 0x3F00FFFF
0x803F0F3C, 0x6318FF00
0x803F0F44, 0x3F20FF00
0x803F0F4C, 0x63390000
0x803F0F34, 0x3F405049
0x803F0F3C, 0x635A4331
0x803F0F44, 0x3F600000
0x803F0F4C, 0x637B0040
0x803F0F34, 0x3F800A01
0x803F0F3C, 0x639C0000
0x803F0F44, 0x3FA07364
0x803F0F4C, 0x63BD3035
0x803F0F34, 0x3FC0004D
0x803F0F3C, 0x63DE003B
0x803F0F44, 0x3FE00010
0x803F0F4C, 0x63FF0180
0x803F0F34, 0x60000000
0x803F0F3C, 0x60000000
0x803F0F44, 0x60000000
0x803F0F4C, 0xBE300000
0x803F0F34, 0x60000000
0x803F0F3C, 0x60000000
0x803F0F44, 0x60000000
0x803F0F4C, 0x60000000
0x803F0F4C, 0xBE300000
0x803F0F34, 0x3E008033
0x803F0F3C, 0x621050F0
0x803F0F44, 0x3E200000
0x803F0F4C, 0x62310496
0x803F0F34, 0x3E400000
0x803F0F3C, 0x62520000
0x803F0F44, 0x3E600702
0x803F0F4C, 0x62730D6E
0x803F0F34, 0x3E806F74
0x803F0F3C, 0x6294655F
0x803F0F44, 0x3EA03033
0x803F0F4C, 0x62B55F31
0x803F0F34, 0x3EC02E62
0x803F0F3C, 0x62D67469
0x803F0F44, 0x3EE00000
0x803F0F4C, 0x62F70E05
0x803F0F34, 0x3F000F21
0x803F0F3C, 0x63180311
0x803F0F44, 0x3F20003A
0x803F0F4C, 0x6339003C
0x803F0F34, 0x3F40FF00
0x803F0F3C, 0x635A0000
0x803F0F44, 0x3F604247
0x803F0F4C, 0x637B4E31
0x803F0F34, 0x3F800000
0x803F0F3C, 0x639C0008
0x803F0F44, 0x3FA05049
0x803F0F4C, 0x63BD4331
0x803F0F34, 0x3FC00000
0x803F0F3C, 0x63DE0038
0x803F0F44, 0x3FE00601
0x803F0F4C, 0x63FF0000
0x803F0F34, 0x60000000
0x803F0F3C, 0x60000000
0x803F0F44, 0x60000000
0x803F0F4C, 0xBE300000
0x803F0F34, 0x60000000
0x803F0F3C, 0x60000000
0x803F0F44, 0x60000000
0x803F0F4C, 0x60000000
0x803F0F4C, 0xBE300000
0x803F0F34, 0x3E008033
0x803F0F3C, 0x6210512C
0x803F0F44, 0x3E207364
0x803F0F4C, 0x62313034
0x803F0F34, 0x3E4001F0
0x803F0F3C, 0x6252FFF0
0x803F0F44, 0x3E600010
0x803F0F4C, 0x627301A0
0x803F0F34, 0x3E800702
0x803F0F3C, 0x62940D6E
0x803F0F44, 0x3EA06F74
0x803F0F4C, 0x62B5655F
0x803F0F34, 0x3EC03033
0x803F0F3C, 0x62D65F31
0x803F0F44, 0x3EE02E62
0x803F0F4C, 0x62F77469
0x803F0F34, 0x3F000000
0x803F0F3C, 0x63180E04
0x803F0F44, 0x3F200F21
0x803F0F4C, 0x63390311
0x803F0F34, 0x3F40003A
0x803F0F3C, 0x635A003C
0x803F0F44, 0x3F60FF00
0x803F0F4C, 0x637B0000
0x803F0F34, 0x3F805049
0x803F0F3C, 0x639C4331
0x803F0F44, 0x3FA00000
0x803F0F4C, 0x63BD0038
0x803F0F34, 0x3FC00601
0x803F0F3C, 0x63DE0000
0x803F0F44, 0x3FE07364
0x803F0F4C, 0x63FF3033
0x803F0F34, 0x60000000
0x803F0F3C, 0x60000000
0x803F0F44, 0x60000000
0x803F0F4C, 0xBE300000
0x803F0F34, 0x60000000
0x803F0F3C, 0x60000000
0x803F0F44, 0x60000000
0x803F0F4C, 0x60000000
0x803F0F4C, 0xBE300000
0x803F0F34, 0x3E008033
0x803F0F3C, 0x62105168
0x803F0F44, 0x3E200000
0x803F0F4C, 0x62310180
0x803F0F34, 0x3E4001F0
0x803F0F3C, 0x62520010
0x803F0F44, 0x3E600702
0x803F0F4C, 0x62730D6E
0x803F0F34, 0x3E806F74
0x803F0F3C, 0x6294655F
0x803F0F44, 0x3EA03033
0x803F0F4C, 0x62B55F31
0x803F0F34, 0x3EC02E62
0x803F0F3C, 0x62D67469
0x803F0F44, 0x3EE00000
0x803F0F4C, 0x62F70B01
0x803F0F34, 0x3F000F21
0x803F0F3C, 0x63180311
0x803F0F44, 0x3F20003A
0x803F0F4C, 0x6339003C
0x803F0F34, 0x3F40FF00
0x803F0F3C, 0x635A0000
0x803F0F44, 0x3F605049
0x803F0F4C, 0x637B4331
0x803F0F34, 0x3F800000
0x803F0F3C, 0x639C0038
0x803F0F44, 0x3FA00601
0x803F0F4C, 0x63BD0000
0x803F0F34, 0x3FC07364
0x803F0F3C, 0x63DE3032
0x803F0F44, 0x3FE00000
0x803F0F4C, 0x63FFFFF0
0x803F0F34, 0x60000000
0x803F0F3C, 0x60000000
0x803F0F44, 0x60000000
0x803F0F4C, 0xBE300000
0x803F0F34, 0x60000000
0x803F0F3C, 0x60000000
0x803F0F44, 0x60000000
0x803F0F4C, 0x60000000
0x803F0F4C, 0xBE300000
0x803F0F34, 0x3E008033
0x803F0F3C, 0x621051A4
0x803F0F44, 0x3E2001F0
0x803F0F4C, 0x62310010
0x803F0F34, 0x3E400702
0x803F0F3C, 0x62520D6E
0x803F0F44, 0x3E606F74
0x803F0F4C, 0x6273655F
0x803F0F34, 0x3E803033
0x803F0F3C, 0x62945F31
0x803F0F44, 0x3EA02E62
0x803F0F4C, 0x62B57469
0x803F0F34, 0x3EC00000
0x803F0F3C, 0x62D60B00
0x803F0F44, 0x3EE00F21
0x803F0F4C, 0x62F70311
0x803F0F34, 0x3F00003A
0x803F0F3C, 0x6318003C
0x803F0F44, 0x3F20FF00
0x803F0F4C, 0x63390000
0x803F0F34, 0x3F405049
0x803F0F3C, 0x635A4331
0x803F0F44, 0x3F600000
0x803F0F4C, 0x637B0034
0x803F0F34, 0x3F800601
0x803F0F3C, 0x639C0000
0x803F0F44, 0x3FA07364
0x803F0F4C, 0x63BD3031
0x803F0F34, 0x3FC00010
0x803F0F3C, 0x63DE0000
0x803F0F44, 0x3FE001E0
0x803F0F4C, 0x63FF0180
0x803F0F34, 0x60000000
0x803F0F3C, 0x60000000
0x803F0F44, 0x60000000
0x803F0F4C, 0xBE300000
0x803F0F34, 0x60000000
0x803F0F3C, 0x60000000
0x803F0F44, 0x60000000
0x803F0F4C, 0x60000000
0x803F0F4C, 0xBE300000
0x803F0F34, 0x3E008033
0x803F0F3C, 0x621051E0
0x803F0F44, 0x3E200702
0x803F0F4C, 0x62310B6E
0x803F0F34, 0x3E406F74
0x803F0F3C, 0x6252655F
0x803F0F44, 0x3E603032
0x803F0F4C, 0x62732E62
0x803F0F34, 0x3E807469
0x803F0F3C, 0x62940000
0x803F0F44, 0x3EA00A00
0x803F0F4C, 0x62B50F21
0x803F0F34, 0x3EC00311
0x803F0F3C, 0x62D6003A
0x803F0F44, 0x3EE0003C
0x803F0F4C, 0x62F7FF00
0x803F0F34, 0x3F00454E
0x803F0F3C, 0x63184431
0x803F0F44, 0x3F200000
0x803F0F4C, 0x63390008
0x803F0F34, 0x3F405049
0x803F0F3C, 0x635A4331
0x803F0F44, 0x3F600000
0x803F0F4C, 0x637B0040
0x803F0F34, 0x3F800A01
0x803F0F3C, 0x639C0000
0x803F0F44, 0x3FA06873
0x803F0F4C, 0x63BD3034
0x803F0F34, 0x3FC00231
0x803F0F3C, 0x63DE0030
0x803F0F44, 0x3FE00010
0x803F0F4C, 0x63FF0180
0x803F0F34, 0x60000000
0x803F0F3C, 0x60000000
0x803F0F44, 0x60000000
0x803F0F4C, 0xBE300000
0x803F0F34, 0x60000000
0x803F0F3C, 0x60000000
0x803F0F44, 0x60000000
0x803F0F4C, 0x60000000
0x803F0F4C, 0xBE300000
0x803F0F34, 0x3E008033
0x803F0F3C, 0x6210521C
0x803F0F44, 0x3E200000
0x803F0F4C, 0x623100FF
0x803F0F34, 0x3E400000
0x803F0F3C, 0x62520000
0x803F0F44, 0x3E600702
0x803F0F4C, 0x62730D6E
0x803F0F34, 0x3E806F74
0x803F0F3C, 0x6294655F
0x803F0F44, 0x3EA03033
0x803F0F4C, 0x62B55F31
0x803F0F34, 0x3EC02E62
0x803F0F3C, 0x62D67469
0x803F0F44, 0x3EE00000
0x803F0F4C, 0x62F70E04
0x803F0F34, 0x3F000F5C
0x803F0F3C, 0x63183900
0x803F0F44, 0x3F2000C8
0x803F0F4C, 0x63398200
0x803F0F34, 0x3F40FF00
0x803F0F3C, 0x635A0000
0x803F0F44, 0x3F604247
0x803F0F4C, 0x637B4E31
0x803F0F34, 0x3F800000
0x803F0F3C, 0x639C0008
0x803F0F44, 0x3FA05049
0x803F0F4C, 0x63BD4331
0x803F0F34, 0x3FC00000
0x803F0F3C, 0x63DE0038
0x803F0F44, 0x3FE00601
0x803F0F4C, 0x63FF0000
0x803F0F34, 0x60000000
0x803F0F3C, 0x60000000
0x803F0F44, 0x60000000
0x803F0F4C, 0xBE300000
0x803F0F34, 0x60000000
0x803F0F3C, 0x60000000
0x803F0F44, 0x60000000
0x803F0F4C, 0x60000000
0x803F0F4C, 0xBE300000
0x803F0F34, 0x3E008033
0x803F0F3C, 0x62105258
0x803F0F44, 0x3E206873
0x803F0F4C, 0x62313033
0x803F0F34, 0x3E40FE10
0x803F0F3C, 0x62520180
0x803F0F44, 0x3E6001FD
0x803F0F4C, 0x62730010
0x803F0F34, 0x3E800702
0x803F0F3C, 0x62940D6E
0x803F0F44, 0x3EA06F74
0x803F0F4C, 0x62B5655F
0x803F0F34, 0x3EC03033
0x803F0F3C, 0x62D65F31
0x803F0F44, 0x3EE02E62
0x803F0F4C, 0x62F77469
0x803F0F34, 0x3F000000
0x803F0F3C, 0x63180B01
0x803F0F44, 0x3F200F5C
0x803F0F4C, 0x63393900
0x803F0F34, 0x3F4000C8
0x803F0F3C, 0x635A8200
0x803F0F44, 0x3F60FF00
0x803F0F4C, 0x637B0000
0x803F0F34, 0x3F805049
0x803F0F3C, 0x639C4331
0x803F0F44, 0x3FA00000
0x803F0F4C, 0x63BD0038
0x803F0F34, 0x3FC00601
0x803F0F3C, 0x63DE0000
0x803F0F44, 0x3FE06873
0x803F0F4C, 0x63FF3032
0x803F0F34, 0x60000000
0x803F0F3C, 0x60000000
0x803F0F44, 0x60000000
0x803F0F4C, 0xBE300000
0x803F0F34, 0x60000000
0x803F0F3C, 0x60000000
0x803F0F44, 0x60000000
0x803F0F4C, 0x60000000
0x803F0F4C, 0xBE300000
0x803F0F34, 0x3E008033
0x803F0F3C, 0x62105294
0x803F0F44, 0x3E20FE12
0x803F0F4C, 0x6231FFF0
0x803F0F34, 0x3E4001FE
0x803F0F3C, 0x62520010
0x803F0F44, 0x3E600702
0x803F0F4C, 0x62730D6E
0x803F0F34, 0x3E806F74
0x803F0F3C, 0x6294655F
0x803F0F44, 0x3EA03033
0x803F0F4C, 0x62B55F31
0x803F0F34, 0x3EC02E62
0x803F0F3C, 0x62D67469
0x803F0F44, 0x3EE00000
0x803F0F4C, 0x62F70B00
0x803F0F34, 0x3F000F5C
0x803F0F3C, 0x63183900
0x803F0F44, 0x3F2000C8
0x803F0F4C, 0x63398200
0x803F0F34, 0x3F40FF00
0x803F0F3C, 0x635A0000
0x803F0F44, 0x3F605049
0x803F0F4C, 0x637B4331
0x803F0F34, 0x3F800000
0x803F0F3C, 0x639C0038
0x803F0F44, 0x3FA00801
0x803F0F4C, 0x63BD0000
0x803F0F34, 0x3FC06873
0x803F0F3C, 0x63DE3031
0x803F0F44, 0x3FE0FE20
0x803F0F4C, 0x63FF0000
0x803F0F34, 0x60000000
0x803F0F3C, 0x60000000
0x803F0F44, 0x60000000
0x803F0F4C, 0xBE300000
0x803F0F34, 0x60000000
0x803F0F3C, 0x60000000
0x803F0F44, 0x60000000
0x803F0F4C, 0x60000000
0x803F0F4C, 0xBE300000
0x803F0F34, 0x3E008033
0x803F0F3C, 0x621052D0
0x803F0F44, 0x3E2001E0
0x803F0F4C, 0x62310180
0x803F0F34, 0x3E400000
0x803F0F3C, 0x62520400
0x803F0F44, 0x3E600702
0x803F0F4C, 0x62730B6E
0x803F0F34, 0x3E806F74
0x803F0F3C, 0x6294655F
0x803F0F44, 0x3EA03032
0x803F0F4C, 0x62B52E62
0x803F0F34, 0x3EC07469
0x803F0F3C, 0x62D60000
0x803F0F44, 0x3EE00A00
0x803F0F4C, 0x62F70F5C
0x803F0F34, 0x3F003900
0x803F0F3C, 0x631800C8
0x803F0F44, 0x3F208200
0x803F0F4C, 0x6339FF00
0x803F0F34, 0x3F405049
0x803F0F3C, 0x635A4331
0x803F0F44, 0x3F600000
0x803F0F4C, 0x637B003C
0x803F0F34, 0x3F800801
0x803F0F3C, 0x639C0000
0x803F0F44, 0x3FA06873
0x803F0F4C, 0x63BD3035
0x803F0F34, 0x3FC0FE10
0x803F0F3C, 0x63DE0000
0x803F0F44, 0x3FE00010
0x803F0F4C, 0x63FF0180
0x803F0F34, 0x60000000
0x803F0F3C, 0x60000000
0x803F0F44, 0x60000000
0x803F0F4C, 0xBE300000
0x803F0F34, 0x60000000
0x803F0F3C, 0x60000000
0x803F0F44, 0x60000000
0x803F0F4C, 0x60000000
0x803F0F4C, 0xBE300000
0x803F0F34, 0x3E008033
0x803F0F3C, 0x6210530C
0x803F0F44, 0x3E200000
0x803F0F4C, 0x62310400
0x803F0F34, 0x3E400702
0x803F0F3C, 0x62520D6E
0x803F0F44, 0x3E606F74
0x803F0F4C, 0x6273655F
0x803F0F34, 0x3E803033
0x803F0F3C, 0x62945F31
0x803F0F44, 0x3EA02E62
0x803F0F4C, 0x62B57469
0x803F0F34, 0x3EC00000
0x803F0F3C, 0x62D60E07
0x803F0F44, 0x3EE00F5C
0x803F0F4C, 0x62F73900
0x803F0F34, 0x3F0000C8
0x803F0F3C, 0x63188200
0x803F0F44, 0x3F20FF00
0x803F0F4C, 0x63390000
0x803F0F34, 0x3F405049
0x803F0F3C, 0x635A4331
0x803F0F44, 0x3F600000
0x803F0F4C, 0x637B0040
0x803F0F34, 0x3F800801
0x803F0F3C, 0x639C0000
0x803F0F44, 0x3FA06875
0x803F0F4C, 0x63BD3230
0x803F0F34, 0x3FC0FFA8
0x803F0F3C, 0x63DE0128
0x803F0F44, 0x3FE00060
0x803F0F4C, 0x63FF0060
0x803F0F34, 0x60000000
0x803F0F3C, 0x60000000
0x803F0F44, 0x60000000
0x803F0F4C, 0xBE300000
0x803F0F34, 0x60000000
0x803F0F3C, 0x60000000
0x803F0F44, 0x60000000
0x803F0F4C, 0x60000000
0x803F0F4C, 0xBE300000
0x803F0F34, 0x3E008033
0x803F0F3C, 0x62105348
0x803F0F44, 0x3E200000
0x803F0F4C, 0x62310400
0x803F0F34, 0x3E400702
0x803F0F3C, 0x62521267
0x803F0F44, 0x3E605F6D
0x803F0F4C, 0x6273656E
0x803F0F34, 0x3E80755F
0x803F0F3C, 0x62946E6F
0x803F0F44, 0x3EA07465
0x803F0F4C, 0x62B55F30
0x803F0F34, 0x3EC0302E
0x803F0F3C, 0x62D66274
0x803F0F44, 0x3EE06900
0x803F0F4C, 0x62F7000F
0x803F0F34, 0x3F000305
0x803F0F3C, 0x63188C50
0x803F0F44, 0x3F201400
0x803F0F4C, 0x6339EBD3
0x803F0F34, 0x3F4064FF
0x803F0F3C, 0x635A0000
0x803F0F44, 0x3F605049
0x803F0F4C, 0x637B4331
0x803F0F34, 0x3F800000
0x803F0F3C, 0x639C0040
0x803F0F44, 0x3FA00801
0x803F0F4C, 0x63BD0000
0x803F0F34, 0x3FC06875
0x803F0F3C, 0x63DE3139
0x803F0F44, 0x3FE0FEE8
0x803F0F4C, 0x63FF0128
0x803F0F34, 0x60000000
0x803F0F3C, 0x60000000
0x803F0F44, 0x60000000
0x803F0F4C, 0xBE300000
0x803F0F34, 0x60000000
0x803F0F3C, 0x60000000
0x803F0F44, 0x60000000
0x803F0F4C, 0x60000000
0x803F0F4C, 0xBE300000
0x803F0F34, 0x3E008033
0x803F0F3C, 0x62105384
0x803F0F44, 0x3E20006F
0x803F0F4C, 0x62310060
0x803F0F34, 0x3E400000
0x803F0F3C, 0x62520400
0x803F0F44, 0x3E600702
0x803F0F4C, 0x62731267
0x803F0F34, 0x3E805F6D
0x803F0F3C, 0x6294656E
0x803F0F44, 0x3EA0755F
0x803F0F4C, 0x62B56E6F
0x803F0F34, 0x3EC07465
0x803F0F3C, 0x62D65F30
0x803F0F44, 0x3EE0312E
0x803F0F4C, 0x62F76274
0x803F0F34, 0x3F006900
0x803F0F3C, 0x6318000F
0x803F0F44, 0x3F200105
0x803F0F4C, 0x63398C50
0x803F0F34, 0x3F401400
0x803F0F3C, 0x635AEBD3
0x803F0F44, 0x3F6064FF
0x803F0F4C, 0x637B0000
0x803F0F34, 0x3F805049
0x803F0F3C, 0x639C4331
0x803F0F44, 0x3FA00000
0x803F0F4C, 0x63BD0040
0x803F0F34, 0x3FC00801
0x803F0F3C, 0x63DE0000
0x803F0F44, 0x3FE06875
0x803F0F4C, 0x63FF3137
0x803F0F34, 0x60000000
0x803F0F3C, 0x60000000
0x803F0F44, 0x60000000
0x803F0F4C, 0xBE300000
0x803F0F34, 0x60000000
0x803F0F3C, 0x60000000
0x803F0F44, 0x60000000
0x803F0F4C, 0x60000000
0x803F0F4C, 0xBE300000
0x803F0F34, 0x3E008033
0x803F0F3C, 0x621053C0
0x803F0F44, 0x3E20FE78
0x803F0F4C, 0x62310128
0x803F0F34, 0x3E400070
0x803F0F3C, 0x62520060
0x803F0F44, 0x3E600000
0x803F0F4C, 0x62730400
0x803F0F34, 0x3E800702
0x803F0F3C, 0x62941267
0x803F0F44, 0x3EA05F6D
0x803F0F4C, 0x62B5656E
0x803F0F34, 0x3EC0755F
0x803F0F3C, 0x62D66E6F
0x803F0F44, 0x3EE07465
0x803F0F4C, 0x62F75F30
0x803F0F34, 0x3F00322E
0x803F0F3C, 0x63186274
0x803F0F44, 0x3F206900
0x803F0F4C, 0x6339000F
0x803F0F34, 0x3F400105
0x803F0F3C, 0x635A8C50
0x803F0F44, 0x3F601400
0x803F0F4C, 0x637BEBD3
0x803F0F34, 0x3F8064FF
0x803F0F3C, 0x639C0000
0x803F0F44, 0x3FA05049
0x803F0F4C, 0x63BD4331
0x803F0F34, 0x3FC00000
0x803F0F3C, 0x63DE0040
0x803F0F44, 0x3FE00801
0x803F0F4C, 0x63FF0000
0x803F0F34, 0x60000000
0x803F0F3C, 0x60000000
0x803F0F44, 0x60000000
0x803F0F4C, 0xBE300000
0x803F0F34, 0x60000000
0x803F0F3C, 0x60000000
0x803F0F44, 0x60000000
0x803F0F4C, 0x60000000
0x803F0F4C, 0xBE300000
0x803F0F34, 0x3E008033
0x803F0F3C, 0x621053FC
0x803F0F44, 0x3E206875
0x803F0F4C, 0x62313136
0x803F0F34, 0x3E40FF57
0x803F0F3C, 0x62520128
0x803F0F44, 0x3E600051
0x803F0F4C, 0x62730060
0x803F0F34, 0x3E800000
0x803F0F3C, 0x62940400
0x803F0F44, 0x3EA00702
0x803F0F4C, 0x62B51267
0x803F0F34, 0x3EC05F6D
0x803F0F3C, 0x62D6656E
0x803F0F44, 0x3EE0755F
0x803F0F4C, 0x62F76E6F
0x803F0F34, 0x3F007465
0x803F0F3C, 0x63185F30
0x803F0F44, 0x3F20322E
0x803F0F4C, 0x63396274
0x803F0F34, 0x3F406900
0x803F0F3C, 0x635A000F
0x803F0F44, 0x3F600105
0x803F0F4C, 0x637B8C50
0x803F0F34, 0x3F801400
0x803F0F3C, 0x639CEBD3
0x803F0F44, 0x3FA064FF
0x803F0F4C, 0x63BD0000
0x803F0F34, 0x3FC05049
0x803F0F3C, 0x63DE4331
0x803F0F44, 0x3FE00000
0x803F0F4C, 0x63FF0040
0x803F0F34, 0x60000000
0x803F0F3C, 0x60000000
0x803F0F44, 0x60000000
0x803F0F4C, 0xBE300000
0x803F0F34, 0x60000000
0x803F0F3C, 0x60000000
0x803F0F44, 0x60000000
0x803F0F4C, 0x60000000
0x803F0F4C, 0xBE300000
0x803F0F34, 0x3E008033
0x803F0F3C, 0x62105438
0x803F0F44, 0x3E200801
0x803F0F4C, 0x62310000
0x803F0F34, 0x3E406875
0x803F0F3C, 0x62523135
0x803F0F44, 0x3E60FE18
0x803F0F4C, 0x62730128
0x803F0F34, 0x3E800060
0x803F0F3C, 0x62940060
0x803F0F44, 0x3EA00000
0x803F0F4C, 0x62B50400
0x803F0F34, 0x3EC00702
0x803F0F3C, 0x62D61267
0x803F0F44, 0x3EE05F6D
0x803F0F4C, 0x62F7656E
0x803F0F34, 0x3F00755F
0x803F0F3C, 0x63186E6F
0x803F0F44, 0x3F207465
0x803F0F4C, 0x63395F30
0x803F0F34, 0x3F40302E
0x803F0F3C, 0x635A6274
0x803F0F44, 0x3F606900
0x803F0F4C, 0x637B000F
0x803F0F34, 0x3F800105
0x803F0F3C, 0x639C8C50
0x803F0F44, 0x3FA01400
0x803F0F4C, 0x63BDEBD3
0x803F0F34, 0x3FC064FF
0x803F0F3C, 0x63DE0000
0x803F0F44, 0x3FE05049
0x803F0F4C, 0x63FF4331
0x803F0F34, 0x60000000
0x803F0F3C, 0x60000000
0x803F0F44, 0x60000000
0x803F0F4C, 0xBE300000
0x803F0F34, 0x60000000
0x803F0F3C, 0x60000000
0x803F0F44, 0x60000000
0x803F0F4C, 0x60000000
0x803F0F4C, 0xBE300000
0x803F0F34, 0x3E008033
0x803F0F3C, 0x62105474
0x803F0F44, 0x3E200000
0x803F0F4C, 0x62310040
0x803F0F34, 0x3E400801
0x803F0F3C, 0x62520000
0x803F0F44, 0x3E606875
0x803F0F4C, 0x62733133
0x803F0F34, 0x3E80FFA8
0x803F0F3C, 0x629400B6
0x803F0F44, 0x3EA00060
0x803F0F4C, 0x62B50072
0x803F0F34, 0x3EC00000
0x803F0F3C, 0x62D60400
0x803F0F44, 0x3EE00702
0x803F0F4C, 0x62F71267
0x803F0F34, 0x3F005F6D
0x803F0F3C, 0x6318656E
0x803F0F44, 0x3F20755F
0x803F0F4C, 0x63396E6F
0x803F0F34, 0x3F407465
0x803F0F3C, 0x635A5F30
0x803F0F44, 0x3F60312E
0x803F0F4C, 0x637B6274
0x803F0F34, 0x3F806900
0x803F0F3C, 0x639C000F
0x803F0F44, 0x3FA00405
0x803F0F4C, 0x63BD8C50
0x803F0F34, 0x3FC01400
0x803F0F3C, 0x63DEEBD3
0x803F0F44, 0x3FE064FF
0x803F0F4C, 0x63FF0000
0x803F0F34, 0x60000000
0x803F0F3C, 0x60000000
0x803F0F44, 0x60000000
0x803F0F4C, 0xBE300000
0x803F0F34, 0x60000000
0x803F0F3C, 0x60000000
0x803F0F44, 0x60000000
0x803F0F4C, 0x60000000
0x803F0F4C, 0xBE300000
0x803F0F34, 0x3E008033
0x803F0F3C, 0x621054B0
0x803F0F44, 0x3E205049
0x803F0F4C, 0x62314331
0x803F0F34, 0x3E400000
0x803F0F3C, 0x62520040
0x803F0F44, 0x3E600801
0x803F0F4C, 0x62730000
0x803F0F34, 0x3E806875
0x803F0F3C, 0x62943131
0x803F0F44, 0x3EA0FFA8
0x803F0F4C, 0x62B50055
0x803F0F34, 0x3EC00060
0x803F0F3C, 0x62D60061
0x803F0F44, 0x3EE00000
0x803F0F4C, 0x62F70400
0x803F0F34, 0x3F000702
0x803F0F3C, 0x63181267
0x803F0F44, 0x3F205F6D
0x803F0F4C, 0x6339656E
0x803F0F34, 0x3F40755F
0x803F0F3C, 0x635A6E6F
0x803F0F44, 0x3F607465
0x803F0F4C, 0x637B5F30
0x803F0F34, 0x3F80322E
0x803F0F3C, 0x639C6274
0x803F0F44, 0x3FA06900
0x803F0F4C, 0x63BD000F
0x803F0F34, 0x3FC00605
0x803F0F3C, 0x63DE8C50
0x803F0F44, 0x3FE01400
0x803F0F4C, 0x63FFEBD3
0x803F0F34, 0x60000000
0x803F0F3C, 0x60000000
0x803F0F44, 0x60000000
0x803F0F4C, 0xBE300000
0x803F0F34, 0x60000000
0x803F0F3C, 0x60000000
0x803F0F44, 0x60000000
0x803F0F4C, 0x60000000
0x803F0F4C, 0xBE300000
0x803F0F34, 0x3E008033
0x803F0F3C, 0x621054EC
0x803F0F44, 0x3E2064FF
0x803F0F4C, 0x62310000
0x803F0F34, 0x3E405049
0x803F0F3C, 0x62524331
0x803F0F44, 0x3E600000
0x803F0F4C, 0x62730040
0x803F0F34, 0x3E800801
0x803F0F3C, 0x62940000
0x803F0F44, 0x3EA06875
0x803F0F4C, 0x62B53130
0x803F0F34, 0x3EC0FF46
0x803F0F3C, 0x62D6FFF4
0x803F0F44, 0x3EE00062
0x803F0F4C, 0x62F70060
0x803F0F34, 0x3F000000
0x803F0F3C, 0x63180400
0x803F0F44, 0x3F200702
0x803F0F4C, 0x63391267
0x803F0F34, 0x3F405F6D
0x803F0F3C, 0x635A656E
0x803F0F44, 0x3F60755F
0x803F0F4C, 0x637B6E6F
0x803F0F34, 0x3F807465
0x803F0F3C, 0x639C5F30
0x803F0F44, 0x3FA0322E
0x803F0F4C, 0x63BD6274
0x803F0F34, 0x3FC06900
0x803F0F3C, 0x63DE000F
0x803F0F44, 0x3FE00005
0x803F0F4C, 0x63FF8C50
0x803F0F34, 0x60000000
0x803F0F3C, 0x60000000
0x803F0F44, 0x60000000
0x803F0F4C, 0xBE300000
0x803F0F34, 0x60000000
0x803F0F3C, 0x60000000
0x803F0F44, 0x60000000
0x803F0F4C, 0x60000000
0x803F0F4C, 0xBE300000
0x803F0F34, 0x3E008033
0x803F0F3C, 0x62105528
0x803F0F44, 0x3E201400
0x803F0F4C, 0x6231EBD3
0x803F0F34, 0x3E4064FF
0x803F0F3C, 0x62520000
0x803F0F44, 0x3E605049
0x803F0F4C, 0x62734331
0x803F0F34, 0x3E800000
0x803F0F3C, 0x62940040
0x803F0F44, 0x3EA00801
0x803F0F4C, 0x62B50000
0x803F0F34, 0x3EC06875
0x803F0F3C, 0x62D63039
0x803F0F44, 0x3EE0FE78
0x803F0F4C, 0x62F7FFF4
0x803F0F34, 0x3F00006C
0x803F0F3C, 0x63180060
0x803F0F44, 0x3F200000
0x803F0F4C, 0x63390400
0x803F0F34, 0x3F400702
0x803F0F3C, 0x635A1267
0x803F0F44, 0x3F605F6D
0x803F0F4C, 0x637B656E
0x803F0F34, 0x3F80755F
0x803F0F3C, 0x639C6E6F
0x803F0F44, 0x3FA07465
0x803F0F4C, 0x63BD5F30
0x803F0F34, 0x3FC0312E
0x803F0F3C, 0x63DE6274
0x803F0F44, 0x3FE06900
0x803F0F4C, 0x63FF000F
0x803F0F34, 0x60000000
0x803F0F3C, 0x60000000
0x803F0F44, 0x60000000
0x803F0F4C, 0xBE300000
0x803F0F34, 0x60000000
0x803F0F3C, 0x60000000
0x803F0F44, 0x60000000
0x803F0F4C, 0x60000000
0x803F0F4C, 0xBE300000
0x803F0F34, 0x3E008033
0x803F0F3C, 0x62105564
0x803F0F44, 0x3E200005
0x803F0F4C, 0x62318C50
0x803F0F34, 0x3E401400
0x803F0F3C, 0x6252EBD3
0x803F0F44, 0x3E6064FF
0x803F0F4C, 0x62730000
0x803F0F34, 0x3E805049
0x803F0F3C, 0x62944331
0x803F0F44, 0x3EA00000
0x803F0F4C, 0x62B5003C
0x803F0F34, 0x3EC00601
0x803F0F3C, 0x62D60000
0x803F0F44, 0x3EE06875
0x803F0F4C, 0x62F73036
0x803F0F34, 0x3F00FEE4
0x803F0F3C, 0x6318FFF4
0x803F0F44, 0x3F200062
0x803F0F4C, 0x63390060
0x803F0F34, 0x3F400702
0x803F0F3C, 0x635A1267
0x803F0F44, 0x3F605F6D
0x803F0F4C, 0x637B656E
0x803F0F34, 0x3F80755F
0x803F0F3C, 0x639C6E6F
0x803F0F44, 0x3FA07465
0x803F0F4C, 0x63BD5F30
0x803F0F34, 0x3FC0322E
0x803F0F3C, 0x63DE6274
0x803F0F44, 0x3FE06900
0x803F0F4C, 0x63FF000F
0x803F0F34, 0x60000000
0x803F0F3C, 0x60000000
0x803F0F44, 0x60000000
0x803F0F4C, 0xBE300000
0x803F0F34, 0x60000000
0x803F0F3C, 0x60000000
0x803F0F44, 0x60000000
0x803F0F4C, 0x60000000
0x803F0F4C, 0xBE300000
0x803F0F34, 0x3E008033
0x803F0F3C, 0x621055A0
0x803F0F44, 0x3E200005
0x803F0F4C, 0x62318C50
0x803F0F34, 0x3E401400
0x803F0F3C, 0x6252EBD3
0x803F0F44, 0x3E6064FF
0x803F0F4C, 0x62730000
0x803F0F34, 0x3E805049
0x803F0F3C, 0x62944331
0x803F0F44, 0x3EA00000
0x803F0F4C, 0x62B50040
0x803F0F34, 0x3EC00801
0x803F0F3C, 0x62D60000
0x803F0F44, 0x3EE06875
0x803F0F4C, 0x62F73035
0x803F0F34, 0x3F00FE18
0x803F0F3C, 0x63180054
0x803F0F44, 0x3F200060
0x803F0F4C, 0x63390068
0x803F0F34, 0x3F400000
0x803F0F3C, 0x635A0400
0x803F0F44, 0x3F600702
0x803F0F4C, 0x637B1267
0x803F0F34, 0x3F805F6D
0x803F0F3C, 0x639C656E
0x803F0F44, 0x3FA0755F
0x803F0F4C, 0x63BD6E6F
0x803F0F34, 0x3FC07465
0x803F0F3C, 0x63DE5F30
0x803F0F44, 0x3FE0322E
0x803F0F4C, 0x63FF6274
0x803F0F34, 0x60000000
0x803F0F3C, 0x60000000
0x803F0F44, 0x60000000
0x803F0F4C, 0xBE300000
0x803F0F34, 0x60000000
0x803F0F3C, 0x60000000
0x803F0F44, 0x60000000
0x803F0F4C, 0x60000000
0x803F0F4C, 0xBE300000
0x803F0F34, 0x3E008033
0x803F0F3C, 0x621055DC
0x803F0F44, 0x3E206900
0x803F0F4C, 0x6231000F
0x803F0F34, 0x3E400705
0x803F0F3C, 0x62528C50
0x803F0F44, 0x3E601400
0x803F0F4C, 0x6273EBD3
0x803F0F34, 0x3E8064FF
0x803F0F3C, 0x62940000
0x803F0F44, 0x3EA05049
0x803F0F4C, 0x62B54331
0x803F0F34, 0x3EC00000
0x803F0F3C, 0x62D60040
0x803F0F44, 0x3EE00801
0x803F0F4C, 0x62F70000
0x803F0F34, 0x3F006875
0x803F0F3C, 0x63183034
0x803F0F44, 0x3F20FE18
0x803F0F4C, 0x633900BC
0x803F0F34, 0x3F400060
0x803F0F3C, 0x635A006C
0x803F0F44, 0x3F600000
0x803F0F4C, 0x637B0400
0x803F0F34, 0x3F800702
0x803F0F3C, 0x639C1267
0x803F0F44, 0x3FA05F6D
0x803F0F4C, 0x63BD656E
0x803F0F34, 0x3FC0755F
0x803F0F3C, 0x63DE6E6F
0x803F0F44, 0x3FE07465
0x803F0F4C, 0x63FF5F30
0x803F0F34, 0x60000000
0x803F0F3C, 0x60000000
0x803F0F44, 0x60000000
0x803F0F4C, 0xBE300000
0x803F0F34, 0x60000000
0x803F0F3C, 0x60000000
0x803F0F44, 0x60000000
0x803F0F4C, 0x60000000
0x803F0F4C, 0xBE300000
0x803F0F34, 0x3E008033
0x803F0F3C, 0x62105618
0x803F0F44, 0x3E20312E
0x803F0F4C, 0x62316274
0x803F0F34, 0x3E406900
0x803F0F3C, 0x6252000F
0x803F0F44, 0x3E600505
0x803F0F4C, 0x62738C50
0x803F0F34, 0x3E801400
0x803F0F3C, 0x6294EBD3
0x803F0F44, 0x3EA064FF
0x803F0F4C, 0x62B50000
0x803F0F34, 0x3EC05049
0x803F0F3C, 0x62D64331
0x803F0F44, 0x3EE00000
0x803F0F4C, 0x62F70034
0x803F0F34, 0x3F000601
0x803F0F3C, 0x63180000
0x803F0F44, 0x3F206875
0x803F0F4C, 0x63393033
0x803F0F34, 0x3F40FE78
0x803F0F3C, 0x635A0054
0x803F0F44, 0x3F600130
0x803F0F4C, 0x637B00D4
0x803F0F34, 0x3F800702
0x803F0F3C, 0x639C0B6E
0x803F0F44, 0x3FA06F74
0x803F0F4C, 0x63BD655F
0x803F0F34, 0x3FC03032
0x803F0F3C, 0x63DE2E62
0x803F0F44, 0x3FE07469
0x803F0F4C, 0x63FF0000
0x803F0F34, 0x60000000
0x803F0F3C, 0x60000000
0x803F0F44, 0x60000000
0x803F0F4C, 0xBE300000
0x803F0F34, 0x60000000
0x803F0F3C, 0x60000000
0x803F0F44, 0x60000000
0x803F0F4C, 0x60000000
0x803F0F4C, 0xBE300000
0x803F0F34, 0x3E008033
0x803F0F3C, 0x62105654
0x803F0F44, 0x3E200A00
0x803F0F4C, 0x62310F8C
0x803F0F34, 0x3E405014
0x803F0F3C, 0x625200EB
0x803F0F44, 0x3E60D364
0x803F0F4C, 0x6273FF00
0x803F0F34, 0x3E805049
0x803F0F3C, 0x62944331
0x803F0F44, 0x3EA00000
0x803F0F4C, 0x62B50040
0x803F0F34, 0x3EC00801
0x803F0F3C, 0x62D60000
0x803F0F44, 0x3EE06875
0x803F0F4C, 0x62F73032
0x803F0F34, 0x3F00FFA8
0x803F0F3C, 0x6318FFF5
0x803F0F44, 0x3F200060
0x803F0F4C, 0x63390060
0x803F0F34, 0x3F400000
0x803F0F3C, 0x635A0400
0x803F0F44, 0x3F600702
0x803F0F4C, 0x637B1267
0x803F0F34, 0x3F805F6D
0x803F0F3C, 0x639C656E
0x803F0F44, 0x3FA0755F
0x803F0F4C, 0x63BD6E6F
0x803F0F34, 0x3FC07465
0x803F0F3C, 0x63DE5F30
0x803F0F44, 0x3FE0302E
0x803F0F4C, 0x63FF6274
0x803F0F34, 0x60000000
0x803F0F3C, 0x60000000
0x803F0F44, 0x60000000
0x803F0F4C, 0xBE300000
0x803F0F34, 0x60000000
0x803F0F3C, 0x60000000
0x803F0F44, 0x60000000
0x803F0F4C, 0x60000000
0x803F0F4C, 0xBE300000
0x803F0F34, 0x3E008033
0x803F0F3C, 0x62105690
0x803F0F44, 0x3E206900
0x803F0F4C, 0x6231000F
0x803F0F34, 0x3E400205
0x803F0F3C, 0x62528C50
0x803F0F44, 0x3E601400
0x803F0F4C, 0x6273EBD3
0x803F0F34, 0x3E8064FF
0x803F0F3C, 0x62940000
0x803F0F44, 0x3EA05049
0x803F0F4C, 0x62B54331
0x803F0F34, 0x3EC00000
0x803F0F3C, 0x62D60040
0x803F0F44, 0x3EE00801
0x803F0F4C, 0x62F70000
0x803F0F34, 0x3F006875
0x803F0F3C, 0x63183031
0x803F0F44, 0x3F20FE18
0x803F0F4C, 0x6339FFF4
0x803F0F34, 0x3F400060
0x803F0F3C, 0x635A0060
0x803F0F44, 0x3F600000
0x803F0F4C, 0x637B0400
0x803F0F34, 0x3F800702
0x803F0F3C, 0x639C1267
0x803F0F44, 0x3FA05F6D
0x803F0F4C, 0x63BD656E
0x803F0F34, 0x3FC0755F
0x803F0F3C, 0x63DE6E6F
0x803F0F44, 0x3FE07465
0x803F0F4C, 0x63FF5F30
0x803F0F34, 0x60000000
0x803F0F3C, 0x60000000
0x803F0F44, 0x60000000
0x803F0F4C, 0xBE300000
0x803F0F34, 0x60000000
0x803F0F3C, 0x60000000
0x803F0F44, 0x60000000
0x803F0F4C, 0x60000000
0x803F0F4C, 0xBE300000
0x803F0F34, 0x3E008033
0x803F0F3C, 0x621056CC
0x803F0F44, 0x3E20302E
0x803F0F4C, 0x62316274
0x803F0F34, 0x3E406900
0x803F0F3C, 0x6252000F
0x803F0F44, 0x3E600005
0x803F0F4C, 0x62738C50
0x803F0F34, 0x3E801400
0x803F0F3C, 0x6294EBD3
0x803F0F44, 0x3EA064FF
0x803F0F4C, 0x62B50000
0x803F0F34, 0x3EC0454E
0x803F0F3C, 0x62D64431
0x803F0F44, 0x3EE00000
0x803F0F4C, 0x62F70008
0x803F0F34, 0x3F005049
0x803F0F3C, 0x63184331
0x803F0F44, 0x3F200000
0x803F0F4C, 0x63390044
0x803F0F34, 0x3F400601
0x803F0F3C, 0x635A0000
0x803F0F44, 0x3F604253
0x803F0F4C, 0x637B646D
0x803F0F34, 0x3F8001AD
0x803F0F3C, 0x639C015E
0x803F0F44, 0x3FA00008
0x803F0F4C, 0x63BD0008
0x803F0F34, 0x3FC00B02
0x803F0F3C, 0x63DE0962
0x803F0F44, 0x3FE06C61
0x803F0F4C, 0x63FF636B
0x803F0F34, 0x60000000
0x803F0F3C, 0x60000000
0x803F0F44, 0x60000000
0x803F0F4C, 0xBE300000
0x803F0F34, 0x60000000
0x803F0F3C, 0x60000000
0x803F0F44, 0x60000000
0x803F0F4C, 0x60000000
0x803F0F4C, 0xBE300000
0x803F0F34, 0x3E008033
0x803F0F3C, 0x62105708
0x803F0F44, 0x3E202E62
0x803F0F4C, 0x62317469
0x803F0F34, 0x3E400000
0x803F0F3C, 0x62520F00
0x803F0F44, 0x3E600A00
0x803F0F4C, 0x62730000
0x803F0F34, 0x3E8000FF
0x803F0F3C, 0x6294FFFF
0x803F0F44, 0x3EA0FFFF
0x803F0F4C, 0x62B5FFFF
0x803F0F34, 0x3EC000FF
0x803F0F3C, 0x62D6FFFF
0x803F0F44, 0x3EE000FF
0x803F0F4C, 0x62F7FFFF
0x803F0F34, 0x3F0000FF
0x803F0F3C, 0x6318FFFF
0x803F0F44, 0x3F200000
0x803F0F4C, 0x63390000
0x803F0F34, 0x3F404247
0x803F0F3C, 0x635A4E31
0x803F0F44, 0x3F600000
0x803F0F4C, 0x637B0008
0x803F0F34, 0x3F805049
0x803F0F3C, 0x639C4331
0x803F0F44, 0x3FA00000
0x803F0F4C, 0x63BD003C
0x803F0F34, 0x3FC00901
0x803F0F3C, 0x63DE0000
0x803F0F44, 0x3FE04253
0x803F0F4C, 0x63FF3038
0x803F0F34, 0x60000000
0x803F0F3C, 0x60000000
0x803F0F44, 0x60000000
0x803F0F4C, 0xBE300000
0x803F0F34, 0x60000000
0x803F0F3C, 0x60000000
0x803F0F44, 0x60000000
0x803F0F4C, 0x60000000
0x803F0F4C, 0xBE300000
0x803F0F34, 0x3E008033
0x803F0F3C, 0x62105744
0x803F0F44, 0x3E20FEAD
0x803F0F4C, 0x6231FEFA
0x803F0F34, 0x3E4001D4
0x803F0F3C, 0x62520004
0x803F0F44, 0x3E600000
0x803F0F4C, 0x627300B8
0x803F0F34, 0x3E800702
0x803F0F3C, 0x62941066
0x803F0F44, 0x3EA05F67
0x803F0F4C, 0x62B56D5F
0x803F0F34, 0x3EC06C69
0x803F0F3C, 0x62D66E65
0x803F0F44, 0x3EE05F30
0x803F0F4C, 0x62F7322E
0x803F0F34, 0x3F006274
0x803F0F3C, 0x63186900
0x803F0F44, 0x3F20000F
0x803F0F4C, 0x63390005
0x803F0F34, 0x3F400000
0x803F0F3C, 0x635A0000
0x803F0F44, 0x3F60591E
0x803F0F4C, 0x637B00FF
0x803F0F34, 0x3F805049
0x803F0F3C, 0x639C4331
0x803F0F44, 0x3FA00000
0x803F0F4C, 0x63BD003C
0x803F0F34, 0x3FC00901
0x803F0F3C, 0x63DE0000
0x803F0F44, 0x3FE04253
0x803F0F4C, 0x63FF3037
0x803F0F34, 0x60000000
0x803F0F3C, 0x60000000
0x803F0F44, 0x60000000
0x803F0F4C, 0xBE300000
0x803F0F34, 0x60000000
0x803F0F3C, 0x60000000
0x803F0F44, 0x60000000
0x803F0F4C, 0x60000000
0x803F0F4C, 0xBE300000
0x803F0F34, 0x3E008033
0x803F0F3C, 0x62105780
0x803F0F44, 0x3E20FF94
0x803F0F4C, 0x6231FFAA
0x803F0F34, 0x3E4000B0
0x803F0F3C, 0x62520006
0x803F0F44, 0x3E600067
0x803F0F4C, 0x627300B8
0x803F0F34, 0x3E800702
0x803F0F3C, 0x62941066
0x803F0F44, 0x3EA05F67
0x803F0F4C, 0x62B56D5F
0x803F0F34, 0x3EC06C69
0x803F0F3C, 0x62D66E65
0x803F0F44, 0x3EE05F30
0x803F0F4C, 0x62F7322E
0x803F0F34, 0x3F006274
0x803F0F3C, 0x63186900
0x803F0F44, 0x3F20000F
0x803F0F4C, 0x63390005
0x803F0F34, 0x3F400000
0x803F0F3C, 0x635A0000
0x803F0F44, 0x3F60591E
0x803F0F4C, 0x637B00FF
0x803F0F34, 0x3F805049
0x803F0F3C, 0x639C4331
0x803F0F44, 0x3FA00000
0x803F0F4C, 0x63BD003C
0x803F0F34, 0x3FC00901
0x803F0F3C, 0x63DE0000
0x803F0F44, 0x3FE04253
0x803F0F4C, 0x63FF3036
0x803F0F34, 0x60000000
0x803F0F3C, 0x60000000
0x803F0F44, 0x60000000
0x803F0F4C, 0xBE300000
0x803F0F34, 0x60000000
0x803F0F3C, 0x60000000
0x803F0F44, 0x60000000
0x803F0F4C, 0x60000000
0x803F0F4C, 0xBE300000
0x803F0F34, 0x3E008033
0x803F0F3C, 0x621057BC
0x803F0F44, 0x3E20FF94
0x803F0F4C, 0x6231FFAA
0x803F0F34, 0x3E400110
0x803F0F3C, 0x62520006
0x803F0F44, 0x3E600099
0x803F0F4C, 0x627300B8
0x803F0F34, 0x3E800702
0x803F0F3C, 0x62941066
0x803F0F44, 0x3EA05F67
0x803F0F4C, 0x62B56D5F
0x803F0F34, 0x3EC06C69
0x803F0F3C, 0x62D66E65
0x803F0F44, 0x3EE05F30
0x803F0F4C, 0x62F7322E
0x803F0F34, 0x3F006274
0x803F0F3C, 0x63186900
0x803F0F44, 0x3F20000F
0x803F0F4C, 0x63390005
0x803F0F34, 0x3F400000
0x803F0F3C, 0x635A0000
0x803F0F44, 0x3F60591E
0x803F0F4C, 0x637B00FF
0x803F0F34, 0x3F805049
0x803F0F3C, 0x639C4331
0x803F0F44, 0x3FA00000
0x803F0F4C, 0x63BD003C
0x803F0F34, 0x3FC00901
0x803F0F3C, 0x63DE0000
0x803F0F44, 0x3FE04253
0x803F0F4C, 0x63FF3035
0x803F0F34, 0x60000000
0x803F0F3C, 0x60000000
0x803F0F44, 0x60000000
0x803F0F4C, 0xBE300000
0x803F0F34, 0x60000000
0x803F0F3C, 0x60000000
0x803F0F44, 0x60000000
0x803F0F4C, 0x60000000
0x803F0F4C, 0xBE300000
0x803F0F34, 0x3E008033
0x803F0F3C, 0x621057F8
0x803F0F44, 0x3E20FF94
0x803F0F4C, 0x6231FFAA
0x803F0F34, 0x3E400100
0x803F0F3C, 0x62520006
0x803F0F44, 0x3E6000CC
0x803F0F4C, 0x627300B8
0x803F0F34, 0x3E800702
0x803F0F3C, 0x62941066
0x803F0F44, 0x3EA05F67
0x803F0F4C, 0x62B56D5F
0x803F0F34, 0x3EC06C69
0x803F0F3C, 0x62D66E65
0x803F0F44, 0x3EE05F30
0x803F0F4C, 0x62F7322E
0x803F0F34, 0x3F006274
0x803F0F3C, 0x63186900
0x803F0F44, 0x3F20000F
0x803F0F4C, 0x63390005
0x803F0F34, 0x3F400000
0x803F0F3C, 0x635A0000
0x803F0F44, 0x3F60591E
0x803F0F4C, 0x637B00FF
0x803F0F34, 0x3F805049
0x803F0F3C, 0x639C4331
0x803F0F44, 0x3FA00000
0x803F0F4C, 0x63BD003C
0x803F0F34, 0x3FC00901
0x803F0F3C, 0x63DE0000
0x803F0F44, 0x3FE04253
0x803F0F4C, 0x63FF3034
0x803F0F34, 0x60000000
0x803F0F3C, 0x60000000
0x803F0F44, 0x60000000
0x803F0F4C, 0xBE300000
0x803F0F34, 0x60000000
0x803F0F3C, 0x60000000
0x803F0F44, 0x60000000
0x803F0F4C, 0x60000000
0x803F0F4C, 0xBE300000
0x803F0F34, 0x3E008033
0x803F0F3C, 0x62105834
0x803F0F44, 0x3E20FF94
0x803F0F4C, 0x6231FFAA
0x803F0F34, 0x3E4000AA
0x803F0F3C, 0x62520006
0x803F0F44, 0x3E6000FF
0x803F0F4C, 0x627300B8
0x803F0F34, 0x3E800702
0x803F0F3C, 0x62941066
0x803F0F44, 0x3EA05F67
0x803F0F4C, 0x62B56D5F
0x803F0F34, 0x3EC06C69
0x803F0F3C, 0x62D66E65
0x803F0F44, 0x3EE05F30
0x803F0F4C, 0x62F7322E
0x803F0F34, 0x3F006274
0x803F0F3C, 0x63186900
0x803F0F44, 0x3F20000F
0x803F0F4C, 0x63390005
0x803F0F34, 0x3F400000
0x803F0F3C, 0x635A0000
0x803F0F44, 0x3F60591E
0x803F0F4C, 0x637B00FF
0x803F0F34, 0x3F805049
0x803F0F3C, 0x639C4331
0x803F0F44, 0x3FA00000
0x803F0F4C, 0x63BD003C
0x803F0F34, 0x3FC00901
0x803F0F3C, 0x63DE0000
0x803F0F44, 0x3FE04253
0x803F0F4C, 0x63FF3033
0x803F0F34, 0x60000000
0x803F0F3C, 0x60000000
0x803F0F44, 0x60000000
0x803F0F4C, 0xBE300000
0x803F0F34, 0x60000000
0x803F0F3C, 0x60000000
0x803F0F44, 0x60000000
0x803F0F4C, 0x60000000
0x803F0F4C, 0xBE300000
0x803F0F34, 0x3E008033
0x803F0F3C, 0x62105870
0x803F0F44, 0x3E20FF94
0x803F0F4C, 0x6231FFAA
0x803F0F34, 0x3E4000E0
0x803F0F3C, 0x62520006
0x803F0F44, 0x3E60013B
0x803F0F4C, 0x627300B8
0x803F0F34, 0x3E800702
0x803F0F3C, 0x62941066
0x803F0F44, 0x3EA05F67
0x803F0F4C, 0x62B56D5F
0x803F0F34, 0x3EC06C69
0x803F0F3C, 0x62D66E65
0x803F0F44, 0x3EE05F30
0x803F0F4C, 0x62F7322E
0x803F0F34, 0x3F006274
0x803F0F3C, 0x63186900
0x803F0F44, 0x3F20000F
0x803F0F4C, 0x63390005
0x803F0F34, 0x3F400000
0x803F0F3C, 0x635A0000
0x803F0F44, 0x3F60591E
0x803F0F4C, 0x637B00FF
0x803F0F34, 0x3F805049
0x803F0F3C, 0x639C4331
0x803F0F44, 0x3FA00000
0x803F0F4C, 0x63BD003C
0x803F0F34, 0x3FC00901
0x803F0F3C, 0x63DE0000
0x803F0F44, 0x3FE04253
0x803F0F4C, 0x63FF3032
0x803F0F34, 0x60000000
0x803F0F3C, 0x60000000
0x803F0F44, 0x60000000
0x803F0F4C, 0xBE300000
0x803F0F34, 0x60000000
0x803F0F3C, 0x60000000
0x803F0F44, 0x60000000
0x803F0F4C, 0x60000000
0x803F0F4C, 0xBE300000
0x803F0F34, 0x3E008033
0x803F0F3C, 0x621058AC
0x803F0F44, 0x3E20FF90
0x803F0F4C, 0x6231FFAA
0x803F0F34, 0x3E4000F0
0x803F0F3C, 0x62520004
0x803F0F44, 0x3E600000
0x803F0F4C, 0x627300B8
0x803F0F34, 0x3E800702
0x803F0F3C, 0x62941066
0x803F0F44, 0x3EA05F67
0x803F0F4C, 0x62B56D5F
0x803F0F34, 0x3EC06C69
0x803F0F3C, 0x62D66E65
0x803F0F44, 0x3EE05F30
0x803F0F4C, 0x62F7322E
0x803F0F34, 0x3F006274
0x803F0F3C, 0x63186900
0x803F0F44, 0x3F20000F
0x803F0F4C, 0x63390005
0x803F0F34, 0x3F400000
0x803F0F3C, 0x635A0000
0x803F0F44, 0x3F60591E
0x803F0F4C, 0x637B00FF
0x803F0F34, 0x3F805049
0x803F0F3C, 0x639C4331
0x803F0F44, 0x3FA00000
0x803F0F4C, 0x63BD003C
0x803F0F34, 0x3FC00901
0x803F0F3C, 0x63DE0000
0x803F0F44, 0x3FE04253
0x803F0F4C, 0x63FF3031
0x803F0F34, 0x60000000
0x803F0F3C, 0x60000000
0x803F0F44, 0x60000000
0x803F0F4C, 0xBE300000
0x803F0F34, 0x60000000
0x803F0F3C, 0x60000000
0x803F0F44, 0x60000000
0x803F0F4C, 0x60000000
0x803F0F4C, 0xBE300000
0x803F0F34, 0x3E008033
0x803F0F3C, 0x621058E8
0x803F0F44, 0x3E20FF94
0x803F0F4C, 0x6231FFAA
0x803F0F34, 0x3E4000E0
0x803F0F3C, 0x62520006
0x803F0F44, 0x3E600033
0x803F0F4C, 0x627300B8
0x803F0F34, 0x3E800702
0x803F0F3C, 0x62941066
0x803F0F44, 0x3EA05F67
0x803F0F4C, 0x62B56D5F
0x803F0F34, 0x3EC06C69
0x803F0F3C, 0x62D66E65
0x803F0F44, 0x3EE05F30
0x803F0F4C, 0x62F7322E
0x803F0F34, 0x3F006274
0x803F0F3C, 0x63186900
0x803F0F44, 0x3F20000F
0x803F0F4C, 0x63390005
0x803F0F34, 0x3F400000
0x803F0F3C, 0x635A0000
0x803F0F44, 0x3F60591E
0x803F0F4C, 0x637B00FF
0x803F0F34, 0x3F80454E
0x803F0F3C, 0x639C4431
0x803F0F44, 0x3FA00000
0x803F0F4C, 0x63BD0008
0x803F0F34, 0x3FC05049
0x803F0F3C, 0x63DE4331
0x803F0F44, 0x3FE00000
0x803F0F4C, 0x63FF0040
0x803F0F34, 0x60000000
0x803F0F3C, 0x60000000
0x803F0F44, 0x60000000
0x803F0F4C, 0xBE300000
0x803F0F34, 0x60000000
0x803F0F3C, 0x60000000
0x803F0F44, 0x60000000
0x803F0F4C, 0x60000000
0x803F0F4C, 0xBE300000
0x803F0F34, 0x3E008033
0x803F0F3C, 0x62105924
0x803F0F44, 0x3E200A01
0x803F0F4C, 0x62310000
0x803F0F34, 0x3E40746B
0x803F0F3C, 0x62526432
0x803F0F44, 0x3E6000DB
0x803F0F4C, 0x627300A3
0x803F0F34, 0x3E8000CA
0x803F0F3C, 0x629400CA
0x803F0F44, 0x3EA00000
0x803F0F4C, 0x62B5048C
0x803F0F34, 0x3EC00000
0x803F0F3C, 0x62D60000
0x803F0F44, 0x3EE00702
0x803F0F4C, 0x62F70D66
0x803F0F34, 0x3F005F67
0x803F0F3C, 0x63186D5F
0x803F0F44, 0x3F206D6E
0x803F0F4C, 0x63395F31
0x803F0F34, 0x3F402E62
0x803F0F3C, 0x635A7469
0x803F0F44, 0x3F600000
0x803F0F4C, 0x637B0F00
0x803F0F34, 0x3F80054E
0x803F0F3C, 0x639C3A00
0x803F0F44, 0x3FA0008B
0x803F0F4C, 0x63BD6000
0x803F0F34, 0x3FC0FF00
0x803F0F3C, 0x63DE0000
0x803F0F44, 0x3FE05049
0x803F0F4C, 0x63FF4331
0x803F0F34, 0x60000000
0x803F0F3C, 0x60000000
0x803F0F44, 0x60000000
0x803F0F4C, 0xBE300000
0x803F0F34, 0x60000000
0x803F0F3C, 0x60000000
0x803F0F44, 0x60000000
0x803F0F4C, 0x60000000
0x803F0F4C, 0xBE300000
0x803F0F34, 0x3E008033
0x803F0F3C, 0x62105960
0x803F0F44, 0x3E200000
0x803F0F4C, 0x62310040
0x803F0F34, 0x3E400A01
0x803F0F3C, 0x62520000
0x803F0F44, 0x3E60746B
0x803F0F4C, 0x62736431
0x803F0F34, 0x3E800105
0x803F0F3C, 0x629400CC
0x803F0F44, 0x3EA00078
0x803F0F4C, 0x62B50078
0x803F0F34, 0x3EC00000
0x803F0F3C, 0x62D60482
0x803F0F44, 0x3EE00000
0x803F0F4C, 0x62F70000
0x803F0F34, 0x3F000702
0x803F0F3C, 0x63180D66
0x803F0F44, 0x3F205F67
0x803F0F4C, 0x63396D5F
0x803F0F34, 0x3F406D6E
0x803F0F3C, 0x635A5F31
0x803F0F44, 0x3F602E62
0x803F0F4C, 0x637B7469
0x803F0F34, 0x3F800000
0x803F0F3C, 0x639C0F00
0x803F0F44, 0x3FA005FF
0x803F0F4C, 0x63BDCB00
0x803F0F34, 0x3FC000FF
0x803F0F3C, 0x63DEFF7E
0x803F0F44, 0x3FE0FF00
0x803F0F4C, 0x63FF0000
0x803F0F34, 0x60000000
0x803F0F3C, 0x60000000
0x803F0F44, 0x60000000
0x803F0F4C, 0xBE300000
0x803F0F34, 0x60000000
0x803F0F3C, 0x60000000
0x803F0F44, 0x60000000
0x803F0F4C, 0x60000000
0x803F0F4C, 0xBE300000
0x803F0F34, 0x3E008033
0x803F0F3C, 0x6210599C
0x803F0F44, 0x3E205049
0x803F0F4C, 0x62314331
0x803F0F34, 0x3E400000
0x803F0F3C, 0x6252003C
0x803F0F44, 0x3E600A01
0x803F0F4C, 0x62730000
0x803F0F34, 0x3E80746B
0x803F0F3C, 0x62943037
0x803F0F44, 0x3EA00104
0x803F0F4C, 0x62B500BC
0x803F0F34, 0x3EC00020
0x803F0F3C, 0x62D60020
0x803F0F44, 0x3EE00000
0x803F0F4C, 0x62F704FF
0x803F0F34, 0x3F000000
0x803F0F3C, 0x63180000
0x803F0F44, 0x3F200602
0x803F0F4C, 0x63390D66
0x803F0F34, 0x3F405F67
0x803F0F3C, 0x635A6D5F
0x803F0F44, 0x3F606D6E
0x803F0F4C, 0x637B5F32
0x803F0F34, 0x3F802E62
0x803F0F3C, 0x639C7469
0x803F0F44, 0x3FA00000
0x803F0F4C, 0x63BD0F03
0x803F0F34, 0x3FC005FF
0x803F0F3C, 0x63DEFF00
0x803F0F44, 0x3FE00000
0x803F0F4C, 0x63FF0000
0x803F0F34, 0x60000000
0x803F0F3C, 0x60000000
0x803F0F44, 0x60000000
0x803F0F4C, 0xBE300000
0x803F0F34, 0x60000000
0x803F0F3C, 0x60000000
0x803F0F44, 0x60000000
0x803F0F4C, 0x60000000
0x803F0F4C, 0xBE300000
0x803F0F34, 0x3E008033
0x803F0F3C, 0x621059D8
0x803F0F44, 0x3E204247
0x803F0F4C, 0x62314E31
0x803F0F34, 0x3E400000
0x803F0F3C, 0x62520008
0x803F0F44, 0x3E605049
0x803F0F4C, 0x62734331
0x803F0F34, 0x3E800000
0x803F0F3C, 0x62940038
0x803F0F44, 0x3EA00801
0x803F0F4C, 0x62B50000
0x803F0F34, 0x3EC0746B
0x803F0F3C, 0x62D63036
0x803F0F44, 0x3EE0FFE0
0x803F0F4C, 0x62F70037
0x803F0F34, 0x3F000020
0x803F0F3C, 0x63180020
0x803F0F44, 0x3F200000
0x803F0F4C, 0x63390400
0x803F0F34, 0x3F400602
0x803F0F3C, 0x635A0D66
0x803F0F44, 0x3F605F67
0x803F0F4C, 0x637B6D5F
0x803F0F34, 0x3F806D6E
0x803F0F3C, 0x639C5F33
0x803F0F44, 0x3FA02E62
0x803F0F4C, 0x63BD7469
0x803F0F34, 0x3FC00000
0x803F0F3C, 0x63DE0F03
0x803F0F44, 0x3FE005FF
0x803F0F4C, 0x63FFFF00
0x803F0F34, 0x60000000
0x803F0F3C, 0x60000000
0x803F0F44, 0x60000000
0x803F0F4C, 0xBE300000
0x803F0F34, 0x60000000
0x803F0F3C, 0x60000000
0x803F0F44, 0x60000000
0x803F0F4C, 0x60000000
0x803F0F4C, 0xBE300000
0x803F0F34, 0x3E008033
0x803F0F3C, 0x62105A14
0x803F0F44, 0x3E200000
0x803F0F4C, 0x62310000
0x803F0F34, 0x3E405049
0x803F0F3C, 0x62524331
0x803F0F44, 0x3E600000
0x803F0F4C, 0x62730038
0x803F0F34, 0x3E800801
0x803F0F3C, 0x62940000
0x803F0F44, 0x3EA0746B
0x803F0F4C, 0x62B53035
0x803F0F34, 0x3EC0FFF4
0x803F0F3C, 0x62D60072
0x803F0F44, 0x3EE00020
0x803F0F4C, 0x62F70020
0x803F0F34, 0x3F000000
0x803F0F3C, 0x63180400
0x803F0F44, 0x3F200602
0x803F0F4C, 0x63390D66
0x803F0F34, 0x3F405F67
0x803F0F3C, 0x635A6D5F
0x803F0F44, 0x3F606D6E
0x803F0F4C, 0x637B5F34
0x803F0F34, 0x3F802E62
0x803F0F3C, 0x639C7469
0x803F0F44, 0x3FA00000
0x803F0F4C, 0x63BD0F03
0x803F0F34, 0x3FC005FF
0x803F0F3C, 0x63DEFF00
0x803F0F44, 0x3FE00000
0x803F0F4C, 0x63FF0000
0x803F0F34, 0x60000000
0x803F0F3C, 0x60000000
0x803F0F44, 0x60000000
0x803F0F4C, 0xBE300000
0x803F0F34, 0x60000000
0x803F0F3C, 0x60000000
0x803F0F44, 0x60000000
0x803F0F4C, 0x60000000
0x803F0F4C, 0xBE300000
0x803F0F34, 0x3E008033
0x803F0F3C, 0x62105A50
0x803F0F44, 0x3E205049
0x803F0F4C, 0x62314331
0x803F0F34, 0x3E400000
0x803F0F3C, 0x62520038
0x803F0F44, 0x3E600801
0x803F0F4C, 0x62730000
0x803F0F34, 0x3E80746B
0x803F0F3C, 0x62943034
0x803F0F44, 0x3EA0003C
0x803F0F4C, 0x62B50084
0x803F0F34, 0x3EC00020
0x803F0F3C, 0x62D60020
0x803F0F44, 0x3EE00000
0x803F0F4C, 0x62F70400
0x803F0F34, 0x3F000602
0x803F0F3C, 0x63180D66
0x803F0F44, 0x3F205F67
0x803F0F4C, 0x63396D5F
0x803F0F34, 0x3F406D6E
0x803F0F3C, 0x635A5F34
0x803F0F44, 0x3F602E62
0x803F0F4C, 0x637B7469
0x803F0F34, 0x3F800000
0x803F0F3C, 0x639C0F00
0x803F0F44, 0x3FA005FF
0x803F0F4C, 0x63BDFF00
0x803F0F34, 0x3FC00000
0x803F0F3C, 0x63DE0000
0x803F0F44, 0x3FE05049
0x803F0F4C, 0x63FF4331
0x803F0F34, 0x60000000
0x803F0F3C, 0x60000000
0x803F0F44, 0x60000000
0x803F0F4C, 0xBE300000
0x803F0F34, 0x60000000
0x803F0F3C, 0x60000000
0x803F0F44, 0x60000000
0x803F0F4C, 0x60000000
0x803F0F4C, 0xBE300000
0x803F0F34, 0x3E008033
0x803F0F3C, 0x62105A8C
0x803F0F44, 0x3E200000
0x803F0F4C, 0x62310038
0x803F0F34, 0x3E400801
0x803F0F3C, 0x62520000
0x803F0F44, 0x3E60746B
0x803F0F4C, 0x62733033
0x803F0F34, 0x3E800072
0x803F0F3C, 0x6294005A
0x803F0F44, 0x3EA00020
0x803F0F4C, 0x62B50020
0x803F0F34, 0x3EC00000
0x803F0F3C, 0x62D60400
0x803F0F44, 0x3EE00602
0x803F0F4C, 0x62F70D66
0x803F0F34, 0x3F005F67
0x803F0F3C, 0x63186D5F
0x803F0F44, 0x3F206D6E
0x803F0F4C, 0x63395F33
0x803F0F34, 0x3F402E62
0x803F0F3C, 0x635A7469
0x803F0F44, 0x3F600000
0x803F0F4C, 0x637B0F00
0x803F0F34, 0x3F8005FF
0x803F0F3C, 0x639CFF00
0x803F0F44, 0x3FA00000
0x803F0F4C, 0x63BD0000
0x803F0F34, 0x3FC05049
0x803F0F3C, 0x63DE4331
0x803F0F44, 0x3FE00000
0x803F0F4C, 0x63FF0038
0x803F0F34, 0x60000000
0x803F0F3C, 0x60000000
0x803F0F44, 0x60000000
0x803F0F4C, 0xBE300000
0x803F0F34, 0x60000000
0x803F0F3C, 0x60000000
0x803F0F44, 0x60000000
0x803F0F4C, 0x60000000
0x803F0F4C, 0xBE300000
0x803F0F34, 0x3E008033
0x803F0F3C, 0x62105AC8
0x803F0F44, 0x3E200801
0x803F0F4C, 0x62310000
0x803F0F34, 0x3E40746B
0x803F0F3C, 0x62523032
0x803F0F44, 0x3E600071
0x803F0F4C, 0x62730020
0x803F0F34, 0x3E800020
0x803F0F3C, 0x62940020
0x803F0F44, 0x3EA00000
0x803F0F4C, 0x62B50400
0x803F0F34, 0x3EC00602
0x803F0F3C, 0x62D60D66
0x803F0F44, 0x3EE05F67
0x803F0F4C, 0x62F76D5F
0x803F0F34, 0x3F006D6E
0x803F0F3C, 0x63185F32
0x803F0F44, 0x3F202E62
0x803F0F4C, 0x63397469
0x803F0F34, 0x3F400000
0x803F0F3C, 0x635A0F00
0x803F0F44, 0x3F6005FF
0x803F0F4C, 0x637BFF00
0x803F0F34, 0x3F800000
0x803F0F3C, 0x639C0000
0x803F0F44, 0x3FA05049
0x803F0F4C, 0x63BD4331
0x803F0F34, 0x3FC00000
0x803F0F3C, 0x63DE0038
0x803F0F44, 0x3FE00801
0x803F0F4C, 0x63FF0000
0x803F0F34, 0x60000000
0x803F0F3C, 0x60000000
0x803F0F44, 0x60000000
0x803F0F4C, 0xBE300000
0x803F0F34, 0x60000000
0x803F0F3C, 0x60000000
0x803F0F44, 0x60000000
0x803F0F4C, 0x60000000
0x803F0F4C, 0xBE300000
0x803F0F34, 0x3E008033
0x803F0F3C, 0x62105B04
0x803F0F44, 0x3E20746B
0x803F0F4C, 0x62313031
0x803F0F34, 0x3E400044
0x803F0F3C, 0x6252FFF4
0x803F0F44, 0x3E600020
0x803F0F4C, 0x62730020
0x803F0F34, 0x3E800000
0x803F0F3C, 0x62940400
0x803F0F44, 0x3EA00602
0x803F0F4C, 0x62B50D66
0x803F0F34, 0x3EC05F67
0x803F0F3C, 0x62D66D5F
0x803F0F44, 0x3EE06D6E
0x803F0F4C, 0x62F75F31
0x803F0F34, 0x3F002E62
0x803F0F3C, 0x63187469
0x803F0F44, 0x3F200000
0x803F0F4C, 0x63390F00
0x803F0F34, 0x3F4005FF
0x803F0F3C, 0x635AFF00
0x803F0F44, 0x3F600000
0x803F0F4C, 0x637B0000
0x803F0F34, 0x3F80454E
0x803F0F3C, 0x639C4431
0x803F0F44, 0x3FA00000
0x803F0F4C, 0x63BD0008
0x803F0F34, 0x3FC05049
0x803F0F3C, 0x63DE4331
0x803F0F44, 0x3FE00000
0x803F0F4C, 0x63FF003C
0x803F0F34, 0x60000000
0x803F0F3C, 0x60000000
0x803F0F44, 0x60000000
0x803F0F4C, 0xBE300000
0x803F0F34, 0x60000000
0x803F0F3C, 0x60000000
0x803F0F44, 0x60000000
0x803F0F4C, 0x60000000
0x803F0F4C, 0xBE300000
0x803F0F34, 0x3E008033
0x803F0F3C, 0x62105B40
0x803F0F44, 0x3E200901
0x803F0F4C, 0x62310000
0x803F0F34, 0x3E407967
0x803F0F3C, 0x62523031
0x803F0F44, 0x3E600041
0x803F0F4C, 0x62730022
0x803F0F34, 0x3E800201
0x803F0F3C, 0x6294019E
0x803F0F44, 0x3EA00000
0x803F0F4C, 0x62B50038
0x803F0F34, 0x3EC00702
0x803F0F3C, 0x62D60F67
0x803F0F44, 0x3EE05F79
0x803F0F4C, 0x62F76F67
0x803F0F34, 0x3F006F72
0x803F0F3C, 0x6318655F
0x803F0F44, 0x3F203031
0x803F0F4C, 0x63392E62
0x803F0F34, 0x3F407469
0x803F0F3C, 0x635A0000
0x803F0F44, 0x3F600F00
0x803F0F4C, 0x637B0500
0x803F0F34, 0x3F800000
0x803F0F3C, 0x639C00D0
0x803F0F44, 0x3FA0B800
0x803F0F4C, 0x63BDFF00
0x803F0F34, 0x3FC05049
0x803F0F3C, 0x63DE4331
0x803F0F44, 0x3FE00000
0x803F0F4C, 0x63FF003C
0x803F0F34, 0x60000000
0x803F0F3C, 0x60000000
0x803F0F44, 0x60000000
0x803F0F4C, 0xBE300000
0x803F0F34, 0x60000000
0x803F0F3C, 0x60000000
0x803F0F44, 0x60000000
0x803F0F4C, 0x60000000
0x803F0F4C, 0xBE300000
0x803F0F34, 0x3E008033
0x803F0F3C, 0x62105B7C
0x803F0F44, 0x3E200A01
0x803F0F4C, 0x62310000
0x803F0F34, 0x3E400053
0x803F0F3C, 0x62523032
0x803F0F44, 0x3E6001A9
0x803F0F4C, 0x627300A0
0x803F0F34, 0x3E80007B
0x803F0F3C, 0x62940048
0x803F0F44, 0x3EA00000
0x803F0F4C, 0x62B500AF
0x803F0F34, 0x3EC00000
0x803F0F3C, 0x62D60000
0x803F0F44, 0x3EE00702
0x803F0F4C, 0x62F70C66
0x803F0F34, 0x3F005F67
0x803F0F3C, 0x63186D5F
0x803F0F44, 0x3F20695F
0x803F0F4C, 0x6339372E
0x803F0F34, 0x3F406274
0x803F0F3C, 0x635A6900
0x803F0F44, 0x3F60000F
0x803F0F4C, 0x637B0005
0x803F0F34, 0x3F804800
0x803F0F3C, 0x639C0000
0x803F0F44, 0x3FA0FFFF
0x803F0F4C, 0x63BD00FF
0x803F0F34, 0x3FC04247
0x803F0F3C, 0x63DE4E31
0x803F0F44, 0x3FE00000
0x803F0F4C, 0x63FF0008
0x803F0F34, 0x60000000
0x803F0F3C, 0x60000000
0x803F0F44, 0x60000000
0x803F0F4C, 0xBE300000
0x803F0F34, 0x60000000
0x803F0F3C, 0x60000000
0x803F0F44, 0x60000000
0x803F0F4C, 0x60000000
0x803F0F4C, 0xBE300000
0x803F0F34, 0x3E008033
0x803F0F3C, 0x62105BB8
0x803F0F44, 0x3E205049
0x803F0F4C, 0x62314331
0x803F0F34, 0x3E400000
0x803F0F3C, 0x62520038
0x803F0F44, 0x3E600901
0x803F0F4C, 0x62730000
0x803F0F34, 0x3E800053
0x803F0F3C, 0x62943033
0x803F0F44, 0x3EA00008
0x803F0F4C, 0x62B50080
0x803F0F34, 0x3EC00054
0x803F0F3C, 0x62D60059
0x803F0F44, 0x3EE00000
0x803F0F4C, 0x62F700AF
0x803F0F34, 0x3F000702
0x803F0F3C, 0x63180C66
0x803F0F44, 0x3F205F67
0x803F0F4C, 0x63396D5F
0x803F0F34, 0x3F40695F
0x803F0F3C, 0x635A362E
0x803F0F44, 0x3F606274
0x803F0F4C, 0x637B6900
0x803F0F34, 0x3F80000F
0x803F0F3C, 0x639C0005
0x803F0F44, 0x3FA04800
0x803F0F4C, 0x63BD0000
0x803F0F34, 0x3FC0FFFF
0x803F0F3C, 0x63DE00FF
0x803F0F44, 0x3FE05049
0x803F0F4C, 0x63FF4331
0x803F0F34, 0x60000000
0x803F0F3C, 0x60000000
0x803F0F44, 0x60000000
0x803F0F4C, 0xBE300000
0x803F0F34, 0x60000000
0x803F0F3C, 0x60000000
0x803F0F44, 0x60000000
0x803F0F4C, 0x60000000
0x803F0F4C, 0xBE300000
0x803F0F34, 0x3E008033
0x803F0F3C, 0x62105BF4
0x803F0F44, 0x3E200000
0x803F0F4C, 0x62310038
0x803F0F34, 0x3E400901
0x803F0F3C, 0x62520000
0x803F0F44, 0x3E600053
0x803F0F4C, 0x62733034
0x803F0F34, 0x3E80FF88
0x803F0F3C, 0x629400C8
0x803F0F44, 0x3EA00062
0x803F0F4C, 0x62B50042
0x803F0F34, 0x3EC00000
0x803F0F3C, 0x62D600AF
0x803F0F44, 0x3EE00702
0x803F0F4C, 0x62F70C66
0x803F0F34, 0x3F005F67
0x803F0F3C, 0x63186D5F
0x803F0F44, 0x3F20695F
0x803F0F4C, 0x6339352E
0x803F0F34, 0x3F406274
0x803F0F3C, 0x635A6900
0x803F0F44, 0x3F60000F
0x803F0F4C, 0x637B0005
0x803F0F34, 0x3F804800
0x803F0F3C, 0x639C0000
0x803F0F44, 0x3FA0FFFF
0x803F0F4C, 0x63BD00FF
0x803F0F34, 0x3FC05049
0x803F0F3C, 0x63DE4331
0x803F0F44, 0x3FE00000
0x803F0F4C, 0x63FF0038
0x803F0F34, 0x60000000
0x803F0F3C, 0x60000000
0x803F0F44, 0x60000000
0x803F0F4C, 0xBE300000
0x803F0F34, 0x60000000
0x803F0F3C, 0x60000000
0x803F0F44, 0x60000000
0x803F0F4C, 0x60000000
0x803F0F4C, 0xBE300000
0x803F0F34, 0x3E008033
0x803F0F3C, 0x62105C30
0x803F0F44, 0x3E200901
0x803F0F4C, 0x62310000
0x803F0F34, 0x3E400053
0x803F0F3C, 0x62523035
0x803F0F44, 0x3E60FED0
0x803F0F4C, 0x627300C0
0x803F0F34, 0x3E800093
0x803F0F3C, 0x6294003B
0x803F0F44, 0x3EA00000
0x803F0F4C, 0x62B500D5
0x803F0F34, 0x3EC00702
0x803F0F3C, 0x62D60C66
0x803F0F44, 0x3EE05F67
0x803F0F4C, 0x62F76D5F
0x803F0F34, 0x3F00695F
0x803F0F3C, 0x6318342E
0x803F0F44, 0x3F206274
0x803F0F4C, 0x63396900
0x803F0F34, 0x3F40000F
0x803F0F3C, 0x635A0005
0x803F0F44, 0x3F604800
0x803F0F4C, 0x637B0000
0x803F0F34, 0x3F80FFFF
0x803F0F3C, 0x639C00FF
0x803F0F44, 0x3FA05049
0x803F0F4C, 0x63BD4331
0x803F0F34, 0x3FC00000
0x803F0F3C, 0x63DE0038
0x803F0F44, 0x3FE00901
0x803F0F4C, 0x63FF0000
0x803F0F34, 0x60000000
0x803F0F3C, 0x60000000
0x803F0F44, 0x60000000
0x803F0F4C, 0xBE300000
0x803F0F34, 0x60000000
0x803F0F3C, 0x60000000
0x803F0F44, 0x60000000
0x803F0F4C, 0x60000000
0x803F0F4C, 0xBE300000
0x803F0F34, 0x3E008033
0x803F0F3C, 0x62105C6C
0x803F0F44, 0x3E200053
0x803F0F4C, 0x62313036
0x803F0F34, 0x3E40FEB8
0x803F0F3C, 0x62520030
0x803F0F44, 0x3E600051
0x803F0F4C, 0x62730067
0x803F0F34, 0x3E800000
0x803F0F3C, 0x629400D7
0x803F0F44, 0x3EA00702
0x803F0F4C, 0x62B50C66
0x803F0F34, 0x3EC05F67
0x803F0F3C, 0x62D66D5F
0x803F0F44, 0x3EE0695F
0x803F0F4C, 0x62F7332E
0x803F0F34, 0x3F006274
0x803F0F3C, 0x63186900
0x803F0F44, 0x3F20000F
0x803F0F4C, 0x63390005
0x803F0F34, 0x3F404800
0x803F0F3C, 0x635A0000
0x803F0F44, 0x3F60FFFF
0x803F0F4C, 0x637B00FF
0x803F0F34, 0x3F805049
0x803F0F3C, 0x639C4331
0x803F0F44, 0x3FA00000
0x803F0F4C, 0x63BD003C
0x803F0F34, 0x3FC00901
0x803F0F3C, 0x63DE0000
0x803F0F44, 0x3FE00053
0x803F0F4C, 0x63FF3037
0x803F0F34, 0x60000000
0x803F0F3C, 0x60000000
0x803F0F44, 0x60000000
0x803F0F4C, 0xBE300000
0x803F0F34, 0x60000000
0x803F0F3C, 0x60000000
0x803F0F44, 0x60000000
0x803F0F4C, 0x60000000
0x803F0F4C, 0xBE300000
0x803F0F34, 0x3E008033
0x803F0F3C, 0x62105CA8
0x803F0F44, 0x3E20FEEE
0x803F0F4C, 0x6231FFC1
0x803F0F34, 0x3E40006E
0x803F0F3C, 0x6252006E
0x803F0F44, 0x3E600000
0x803F0F4C, 0x627300D2
0x803F0F34, 0x3E800702
0x803F0F3C, 0x62940F66
0x803F0F44, 0x3EA05F67
0x803F0F4C, 0x62B56D5F
0x803F0F34, 0x3EC06D6E
0x803F0F3C, 0x62D65F32
0x803F0F44, 0x3EE05F33
0x803F0F4C, 0x62F72E62
0x803F0F34, 0x3F007469
0x803F0F3C, 0x63180000
0x803F0F44, 0x3F200F00
0x803F0F4C, 0x63390548
0x803F0F34, 0x3F400000
0x803F0F3C, 0x635A00FF
0x803F0F44, 0x3F60FF00
0x803F0F4C, 0x637BFF00
0x803F0F34, 0x3F805049
0x803F0F3C, 0x639C4331
0x803F0F44, 0x3FA00000
0x803F0F4C, 0x63BD0038
0x803F0F34, 0x3FC00901
0x803F0F3C, 0x63DE0000
0x803F0F44, 0x3FE00053
0x803F0F4C, 0x63FF3031
0x803F0F34, 0x60000000
0x803F0F3C, 0x60000000
0x803F0F44, 0x60000000
0x803F0F4C, 0xBE300000
0x803F0F34, 0x60000000
0x803F0F3C, 0x60000000
0x803F0F44, 0x60000000
0x803F0F4C, 0x60000000
0x803F0F4C, 0xBE300000
0x803F0F34, 0x3E008033
0x803F0F3C, 0x62105CE4
0x803F0F44, 0x3E20FFA0
0x803F0F4C, 0x6231FFC0
0x803F0F34, 0x3E40004A
0x803F0F3C, 0x6252004A
0x803F0F44, 0x3E600000
0x803F0F4C, 0x627300AF
0x803F0F34, 0x3E800702
0x803F0F3C, 0x62940C66
0x803F0F44, 0x3EA05F67
0x803F0F4C, 0x62B56D5F
0x803F0F34, 0x3EC0695F
0x803F0F3C, 0x62D6312E
0x803F0F44, 0x3EE06274
0x803F0F4C, 0x62F76900
0x803F0F34, 0x3F00000F
0x803F0F3C, 0x63180005
0x803F0F44, 0x3F204800
0x803F0F4C, 0x63390000
0x803F0F34, 0x3F40FFFF
0x803F0F3C, 0x635A00FF
0x803F0F44, 0x3F60454E
0x803F0F4C, 0x637B4431
0x803F0F34, 0x3F800000
0x803F0F3C, 0x639C0008
0x803F0F44, 0x3FA05049
0x803F0F4C, 0x63BD4331
0x803F0F34, 0x3FC00000
0x803F0F3C, 0x63DE004C
0x803F0F44, 0x3FE00800
0x803F0F4C, 0x63FF0000
0x803F0F34, 0x60000000
0x803F0F3C, 0x60000000
0x803F0F44, 0x60000000
0x803F0F4C, 0xBE300000
0x803F0F34, 0x60000000
0x803F0F3C, 0x60000000
0x803F0F44, 0x60000000
0x803F0F4C, 0x60000000
0x803F0F4C, 0xBE300000
0x803F0F34, 0x3E008033
0x803F0F3C, 0x62105D20
0x803F0F44, 0x3E206773
0x803F0F4C, 0x62316937
0x803F0F34, 0x3E4000AD
0x803F0F3C, 0x6252005B
0x803F0F44, 0x3E600050
0x803F0F4C, 0x62730050
0x803F0F34, 0x3E800000
0x803F0F3C, 0x62940400
0x803F0F44, 0x3EA00B02
0x803F0F4C, 0x62B50D66
0x803F0F34, 0x3EC05F67
0x803F0F3C, 0x62D66D5F
0x803F0F44, 0x3EE07368
0x803F0F4C, 0x62F76970
0x803F0F34, 0x3F002E62
0x803F0F3C, 0x63187469
0x803F0F44, 0x3F200000
0x803F0F4C, 0x63390F00
0x803F0F34, 0x3F400500
0x803F0F3C, 0x635A0014
0x803F0F44, 0x3F6000D9
0x803F0F4C, 0x637BFFFF
0x803F0F34, 0x3F80FFFF
0x803F0F3C, 0x639CFFFF
0x803F0F44, 0x3FA0B400
0x803F0F4C, 0x63BDFFFF
0x803F0F34, 0x3FC0B400
0x803F0F3C, 0x63DEA3DC
0x803F0F44, 0x3FE0FF00
0x803F0F4C, 0x63FF009C
0x803F0F34, 0x60000000
0x803F0F3C, 0x60000000
0x803F0F44, 0x60000000
0x803F0F4C, 0xBE300000
0x803F0F34, 0x60000000
0x803F0F3C, 0x60000000
0x803F0F44, 0x60000000
0x803F0F4C, 0x60000000
0x803F0F4C, 0xBE300000
0x803F0F34, 0x3E008033
0x803F0F3C, 0x62105D5C
0x803F0F44, 0x3E20FF00
0x803F0F4C, 0x62310000
0x803F0F34, 0x3E405049
0x803F0F3C, 0x62524331
0x803F0F44, 0x3E600000
0x803F0F4C, 0x6273004C
0x803F0F34, 0x3E800800
0x803F0F3C, 0x62940000
0x803F0F44, 0x3EA06773
0x803F0F4C, 0x62B56936
0x803F0F34, 0x3EC00065
0x803F0F3C, 0x62D600D8
0x803F0F44, 0x3EE00050
0x803F0F4C, 0x62F70050
0x803F0F34, 0x3F000000
0x803F0F3C, 0x63180400
0x803F0F44, 0x3F200B02
0x803F0F4C, 0x63390D66
0x803F0F34, 0x3F405F67
0x803F0F3C, 0x635A6D5F
0x803F0F44, 0x3F607368
0x803F0F4C, 0x637B6970
0x803F0F34, 0x3F802E62
0x803F0F3C, 0x639C7469
0x803F0F44, 0x3FA00000
0x803F0F4C, 0x63BD0F00
0x803F0F34, 0x3FC00500
0x803F0F3C, 0x63DE0014
0x803F0F44, 0x3FE000D9
0x803F0F4C, 0x63FFFFFF
0x803F0F34, 0x60000000
0x803F0F3C, 0x60000000
0x803F0F44, 0x60000000
0x803F0F4C, 0xBE300000
0x803F0F34, 0x60000000
0x803F0F3C, 0x60000000
0x803F0F44, 0x60000000
0x803F0F4C, 0x60000000
0x803F0F4C, 0xBE300000
0x803F0F34, 0x3E008033
0x803F0F3C, 0x62105D98
0x803F0F44, 0x3E20FFFF
0x803F0F4C, 0x6231FFFF
0x803F0F34, 0x3E40B400
0x803F0F3C, 0x6252FFFF
0x803F0F44, 0x3E60B400
0x803F0F4C, 0x6273A3DC
0x803F0F34, 0x3E80FF00
0x803F0F3C, 0x6294009C
0x803F0F44, 0x3EA0FF00
0x803F0F4C, 0x62B50000
0x803F0F34, 0x3EC05049
0x803F0F3C, 0x62D64331
0x803F0F44, 0x3EE00000
0x803F0F4C, 0x62F7004C
0x803F0F34, 0x3F000800
0x803F0F3C, 0x63180000
0x803F0F44, 0x3F206773
0x803F0F4C, 0x63396935
0x803F0F34, 0x3F40009F
0x803F0F3C, 0x635A0152
0x803F0F44, 0x3F600050
0x803F0F4C, 0x637B0050
0x803F0F34, 0x3F800000
0x803F0F3C, 0x639C0400
0x803F0F44, 0x3FA00B02
0x803F0F4C, 0x63BD0D66
0x803F0F34, 0x3FC05F67
0x803F0F3C, 0x63DE6D5F
0x803F0F44, 0x3FE07368
0x803F0F4C, 0x63FF6970
0x803F0F34, 0x60000000
0x803F0F3C, 0x60000000
0x803F0F44, 0x60000000
0x803F0F4C, 0xBE300000
0x803F0F34, 0x60000000
0x803F0F3C, 0x60000000
0x803F0F44, 0x60000000
0x803F0F4C, 0x60000000
0x803F0F4C, 0xBE300000
0x803F0F34, 0x3E008033
0x803F0F3C, 0x62105DD4
0x803F0F44, 0x3E202E62
0x803F0F4C, 0x62317469
0x803F0F34, 0x3E400000
0x803F0F3C, 0x62520F00
0x803F0F44, 0x3E600500
0x803F0F4C, 0x62730014
0x803F0F34, 0x3E8000D9
0x803F0F3C, 0x6294FFFF
0x803F0F44, 0x3EA0FFFF
0x803F0F4C, 0x62B5FFFF
0x803F0F34, 0x3EC0B400
0x803F0F3C, 0x62D6FFFF
0x803F0F44, 0x3EE0B400
0x803F0F4C, 0x62F7A3DC
0x803F0F34, 0x3F00FF00
0x803F0F3C, 0x6318009C
0x803F0F44, 0x3F20FF00
0x803F0F4C, 0x63390000
0x803F0F34, 0x3F405049
0x803F0F3C, 0x635A4331
0x803F0F44, 0x3F600000
0x803F0F4C, 0x637B004C
0x803F0F34, 0x3F800800
0x803F0F3C, 0x639C0000
0x803F0F44, 0x3FA06773
0x803F0F4C, 0x63BD6934
0x803F0F34, 0x3FC0013A
0x803F0F3C, 0x63DE0158
0x803F0F44, 0x3FE00050
0x803F0F4C, 0x63FF0050
0x803F0F34, 0x60000000
0x803F0F3C, 0x60000000
0x803F0F44, 0x60000000
0x803F0F4C, 0xBE300000
0x803F0F34, 0x60000000
0x803F0F3C, 0x60000000
0x803F0F44, 0x60000000
0x803F0F4C, 0x60000000
0x803F0F4C, 0xBE300000
0x803F0F34, 0x3E008033
0x803F0F3C, 0x62105E10
0x803F0F44, 0x3E200000
0x803F0F4C, 0x62310400
0x803F0F34, 0x3E400B02
0x803F0F3C, 0x62520D66
0x803F0F44, 0x3E605F67
0x803F0F4C, 0x62736D5F
0x803F0F34, 0x3E807368
0x803F0F3C, 0x62946970
0x803F0F44, 0x3EA02E62
0x803F0F4C, 0x62B57469
0x803F0F34, 0x3EC00000
0x803F0F3C, 0x62D60F00
0x803F0F44, 0x3EE00500
0x803F0F4C, 0x62F70014
0x803F0F34, 0x3F0000D9
0x803F0F3C, 0x6318FFFF
0x803F0F44, 0x3F20FFFF
0x803F0F4C, 0x6339FFFF
0x803F0F34, 0x3F40B400
0x803F0F3C, 0x635AFFFF
0x803F0F44, 0x3F60B400
0x803F0F4C, 0x637BA3DC
0x803F0F34, 0x3F80FF00
0x803F0F3C, 0x639C009C
0x803F0F44, 0x3FA0FF00
0x803F0F4C, 0x63BD0000
0x803F0F34, 0x3FC05049
0x803F0F3C, 0x63DE4331
0x803F0F44, 0x3FE00000
0x803F0F4C, 0x63FF004C
0x803F0F34, 0x60000000
0x803F0F3C, 0x60000000
0x803F0F44, 0x60000000
0x803F0F4C, 0xBE300000
0x803F0F34, 0x60000000
0x803F0F3C, 0x60000000
0x803F0F44, 0x60000000
0x803F0F4C, 0x60000000
0x803F0F4C, 0xBE300000
0x803F0F34, 0x3E008033
0x803F0F3C, 0x62105E4C
0x803F0F44, 0x3E200800
0x803F0F4C, 0x62310000
0x803F0F34, 0x3E406773
0x803F0F3C, 0x62526933
0x803F0F44, 0x3E6001B6
0x803F0F4C, 0x6273012B
0x803F0F34, 0x3E800050
0x803F0F3C, 0x62940050
0x803F0F44, 0x3EA00000
0x803F0F4C, 0x62B50400
0x803F0F34, 0x3EC00B02
0x803F0F3C, 0x62D60D66
0x803F0F44, 0x3EE05F67
0x803F0F4C, 0x62F76D5F
0x803F0F34, 0x3F007368
0x803F0F3C, 0x63186970
0x803F0F44, 0x3F202E62
0x803F0F4C, 0x63397469
0x803F0F34, 0x3F400000
0x803F0F3C, 0x635A0F00
0x803F0F44, 0x3F600500
0x803F0F4C, 0x637B0014
0x803F0F34, 0x3F8000D9
0x803F0F3C, 0x639CFFFF
0x803F0F44, 0x3FA0FFFF
0x803F0F4C, 0x63BDFFFF
0x803F0F34, 0x3FC0B400
0x803F0F3C, 0x63DEFFFF
0x803F0F44, 0x3FE0B400
0x803F0F4C, 0x63FFA3DC
0x803F0F34, 0x60000000
0x803F0F3C, 0x60000000
0x803F0F44, 0x60000000
0x803F0F4C, 0xBE300000
0x803F0F34, 0x60000000
0x803F0F3C, 0x60000000
0x803F0F44, 0x60000000
0x803F0F4C, 0x60000000
0x803F0F4C, 0xBE300000
0x803F0F34, 0x3E008033
0x803F0F3C, 0x62105E88
0x803F0F44, 0x3E20FF00
0x803F0F4C, 0x6231009C
0x803F0F34, 0x3E40FF00
0x803F0F3C, 0x62520000
0x803F0F44, 0x3E605049
0x803F0F4C, 0x62734331
0x803F0F34, 0x3E800000
0x803F0F3C, 0x6294004C
0x803F0F44, 0x3EA00800
0x803F0F4C, 0x62B50000
0x803F0F34, 0x3EC06773
0x803F0F3C, 0x62D66932
0x803F0F44, 0x3EE001C2
0x803F0F4C, 0x62F70095
0x803F0F34, 0x3F000050
0x803F0F3C, 0x63180050
0x803F0F44, 0x3F200000
0x803F0F4C, 0x63390400
0x803F0F34, 0x3F400B02
0x803F0F3C, 0x635A0D66
0x803F0F44, 0x3F605F67
0x803F0F4C, 0x637B6D5F
0x803F0F34, 0x3F807368
0x803F0F3C, 0x639C6970
0x803F0F44, 0x3FA02E62
0x803F0F4C, 0x63BD7469
0x803F0F34, 0x3FC00000
0x803F0F3C, 0x63DE0F00
0x803F0F44, 0x3FE00500
0x803F0F4C, 0x63FF0014
0x803F0F34, 0x60000000
0x803F0F3C, 0x60000000
0x803F0F44, 0x60000000
0x803F0F4C, 0xBE300000
0x803F0F34, 0x60000000
0x803F0F3C, 0x60000000
0x803F0F44, 0x60000000
0x803F0F4C, 0x60000000
0x803F0F4C, 0xBE300000
0x803F0F34, 0x3E008033
0x803F0F3C, 0x62105EC4
0x803F0F44, 0x3E2000D9
0x803F0F4C, 0x6231FFFF
0x803F0F34, 0x3E40FFFF
0x803F0F3C, 0x6252FFFF
0x803F0F44, 0x3E60B400
0x803F0F4C, 0x6273FFFF
0x803F0F34, 0x3E80B400
0x803F0F3C, 0x6294A3DC
0x803F0F44, 0x3EA0FF00
0x803F0F4C, 0x62B5009C
0x803F0F34, 0x3EC0FF00
0x803F0F3C, 0x62D60000
0x803F0F44, 0x3EE05049
0x803F0F4C, 0x62F74331
0x803F0F34, 0x3F000000
0x803F0F3C, 0x6318004C
0x803F0F44, 0x3F200800
0x803F0F4C, 0x63390000
0x803F0F34, 0x3F406773
0x803F0F3C, 0x635A6931
0x803F0F44, 0x3F600144
0x803F0F4C, 0x637B005B
0x803F0F34, 0x3F800050
0x803F0F3C, 0x639C0050
0x803F0F44, 0x3FA00000
0x803F0F4C, 0x63BD0400
0x803F0F34, 0x3FC00B02
0x803F0F3C, 0x63DE0D66
0x803F0F44, 0x3FE05F67
0x803F0F4C, 0x63FF6D5F
0x803F0F34, 0x60000000
0x803F0F3C, 0x60000000
0x803F0F44, 0x60000000
0x803F0F4C, 0xBE300000
0x803F0F34, 0x60000000
0x803F0F3C, 0x60000000
0x803F0F44, 0x60000000
0x803F0F4C, 0x60000000
0x803F0F4C, 0xBE300000
0x803F0F34, 0x3E008033
0x803F0F3C, 0x62105F00
0x803F0F44, 0x3E207368
0x803F0F4C, 0x62316970
0x803F0F34, 0x3E402E62
0x803F0F3C, 0x62527469
0x803F0F44, 0x3E600000
0x803F0F4C, 0x62730F00
0x803F0F34, 0x3E800500
0x803F0F3C, 0x62940014
0x803F0F44, 0x3EA000D9
0x803F0F4C, 0x62B5FFFF
0x803F0F34, 0x3EC0FFFF
0x803F0F3C, 0x62D6FFFF
0x803F0F44, 0x3EE0B400
0x803F0F4C, 0x62F7FFFF
0x803F0F34, 0x3F00B400
0x803F0F3C, 0x6318A3DC
0x803F0F44, 0x3F20FF00
0x803F0F4C, 0x6339009C
0x803F0F34, 0x3F40FF00
0x803F0F3C, 0x635A0000
0x803F0F44, 0x3F605049
0x803F0F4C, 0x637B4331
0x803F0F34, 0x3F800000
0x803F0F3C, 0x639C0044
0x803F0F44, 0x3FA00601
0x803F0F4C, 0x63BD0000
0x803F0F34, 0x3FC06B7A
0x803F0F3C, 0x63DE3035
0x803F0F44, 0x3FE00140
0x803F0F4C, 0x63FF0040
0x803F0F34, 0x60000000
0x803F0F3C, 0x60000000
0x803F0F44, 0x60000000
0x803F0F4C, 0xBE300000
0x803F0F34, 0x60000000
0x803F0F3C, 0x60000000
0x803F0F44, 0x60000000
0x803F0F4C, 0x60000000
0x803F0F4C, 0xBE300000
0x803F0F34, 0x3E008033
0x803F0F3C, 0x62105F3C
0x803F0F44, 0x3E200008
0x803F0F4C, 0x62310008
0x803F0F34, 0x3E400B02
0x803F0F3C, 0x62520962
0x803F0F44, 0x3E606C61
0x803F0F4C, 0x6273636B
0x803F0F34, 0x3E802E62
0x803F0F3C, 0x62947469
0x803F0F44, 0x3EA00000
0x803F0F4C, 0x62B50F00
0x803F0F34, 0x3EC00A00
0x803F0F3C, 0x62D60000
0x803F0F44, 0x3EE000FF
0x803F0F4C, 0x62F7FFFF
0x803F0F34, 0x3F00FFFF
0x803F0F3C, 0x6318FFFF
0x803F0F44, 0x3F2000FF
0x803F0F4C, 0x6339FFFF
0x803F0F34, 0x3F4000FF
0x803F0F3C, 0x635AFFFF
0x803F0F44, 0x3F6000FF
0x803F0F4C, 0x637BFFFF
0x803F0F34, 0x3F800000
0x803F0F3C, 0x639C0000
0x803F0F44, 0x3FA04247
0x803F0F4C, 0x63BD4E31
0x803F0F34, 0x3FC00000
0x803F0F3C, 0x63DE0008
0x803F0F44, 0x3FE05049
0x803F0F4C, 0x63FF4331
0x803F0F34, 0x60000000
0x803F0F3C, 0x60000000
0x803F0F44, 0x60000000
0x803F0F4C, 0xBE300000
0x803F0F34, 0x60000000
0x803F0F3C, 0x60000000
0x803F0F44, 0x60000000
0x803F0F4C, 0x60000000
0x803F0F4C, 0xBE300000
0x803F0F34, 0x3E008033
0x803F0F3C, 0x62105F78
0x803F0F44, 0x3E200000
0x803F0F4C, 0x6231003C
0x803F0F34, 0x3E400901
0x803F0F3C, 0x62520000
0x803F0F44, 0x3E606B7A
0x803F0F4C, 0x62733031
0x803F0F34, 0x3E80FFD2
0x803F0F3C, 0x62940092
0x803F0F44, 0x3EA00060
0x803F0F4C, 0x62B50060
0x803F0F34, 0x3EC00000
0x803F0F3C, 0x62D60460
0x803F0F44, 0x3EE00702
0x803F0F4C, 0x62F70D66
0x803F0F34, 0x3F005F67
0x803F0F3C, 0x63186D5F
0x803F0F44, 0x3F207368
0x803F0F4C, 0x63396970
0x803F0F34, 0x3F402E62
0x803F0F3C, 0x635A7469
0x803F0F44, 0x3F600000
0x803F0F4C, 0x637B0F00
0x803F0F34, 0x3F800500
0x803F0F3C, 0x639C0000
0x803F0F44, 0x3FA00036
0x803F0F4C, 0x63BD1C00
0x803F0F34, 0x3FC0FF00
0x803F0F3C, 0x63DE0000
0x803F0F44, 0x3FE05049
0x803F0F4C, 0x63FF4331
0x803F0F34, 0x60000000
0x803F0F3C, 0x60000000
0x803F0F44, 0x60000000
0x803F0F4C, 0xBE300000
0x803F0F34, 0x60000000
0x803F0F3C, 0x60000000
0x803F0F44, 0x60000000
0x803F0F4C, 0x60000000
0x803F0F4C, 0xBE300000
0x803F0F34, 0x3E008033
0x803F0F3C, 0x62105FB4
0x803F0F44, 0x3E200000
0x803F0F4C, 0x62310040
0x803F0F34, 0x3E400901
0x803F0F3C, 0x62520000
0x803F0F44, 0x3E606B7A
0x803F0F4C, 0x62733236
0x803F0F34, 0x3E80FF1F
0x803F0F3C, 0x6294015C
0x803F0F44, 0x3EA00030
0x803F0F4C, 0x62B5000E
0x803F0F34, 0x3EC00000
0x803F0F3C, 0x62D60082
0x803F0F44, 0x3EE00702
0x803F0F4C, 0x62F71266
0x803F0F34, 0x3F005F67
0x803F0F3C, 0x63186D5F
0x803F0F44, 0x3F206B61
0x803F0F4C, 0x63397A61
0x803F0F34, 0x3F407269
0x803F0F3C, 0x635A5F30
0x803F0F44, 0x3F60322E
0x803F0F4C, 0x637B6274
0x803F0F34, 0x3F806900
0x803F0F3C, 0x639C000F
0x803F0F44, 0x3FA00005
0x803F0F4C, 0x63BD0000
0x803F0F34, 0x3FC00000
0x803F0F3C, 0x63DECDA7
0x803F0F44, 0x3FE040FF
0x803F0F4C, 0x63FF0000
0x803F0F34, 0x60000000
0x803F0F3C, 0x60000000
0x803F0F44, 0x60000000
0x803F0F4C, 0xBE300000
0x803F0F34, 0x60000000
0x803F0F3C, 0x60000000
0x803F0F44, 0x60000000
0x803F0F4C, 0x60000000
0x803F0F4C, 0xBE300000
0x803F0F34, 0x3E008033
0x803F0F3C, 0x62105FF0
0x803F0F44, 0x3E205049
0x803F0F4C, 0x62314331
0x803F0F34, 0x3E400000
0x803F0F3C, 0x62520040
0x803F0F44, 0x3E600901
0x803F0F4C, 0x62730000
0x803F0F34, 0x3E806B7A
0x803F0F3C, 0x62943235
0x803F0F44, 0x3EA0FF31
0x803F0F4C, 0x62B50048
0x803F0F34, 0x3EC0003F
0x803F0F3C, 0x62D60013
0x803F0F44, 0x3EE00014
0x803F0F4C, 0x62F70080
0x803F0F34, 0x3F000702
0x803F0F3C, 0x63181266
0x803F0F44, 0x3F205F67
0x803F0F4C, 0x63396D5F
0x803F0F34, 0x3F406B61
0x803F0F3C, 0x635A7A61
0x803F0F44, 0x3F607269
0x803F0F4C, 0x637B5F30
0x803F0F34, 0x3F80322E
0x803F0F3C, 0x639C6274
0x803F0F44, 0x3FA06900
0x803F0F4C, 0x63BD000F
0x803F0F34, 0x3FC00005
0x803F0F3C, 0x63DE0000
0x803F0F44, 0x3FE00000
0x803F0F4C, 0x63FFAE8C
0x803F0F34, 0x60000000
0x803F0F3C, 0x60000000
0x803F0F44, 0x60000000
0x803F0F4C, 0xBE300000
0x803F0F34, 0x60000000
0x803F0F3C, 0x60000000
0x803F0F44, 0x60000000
0x803F0F4C, 0x60000000
0x803F0F4C, 0xBE300000
0x803F0F34, 0x3E008033
0x803F0F3C, 0x6210602C
0x803F0F44, 0x3E2040FF
0x803F0F4C, 0x62310000
0x803F0F34, 0x3E405049
0x803F0F3C, 0x62524331
0x803F0F44, 0x3E600000
0x803F0F4C, 0x6273003C
0x803F0F34, 0x3E800901
0x803F0F3C, 0x62940000
0x803F0F44, 0x3EA06B7A
0x803F0F4C, 0x62B53234
0x803F0F34, 0x3EC000BD
0x803F0F3C, 0x62D600BC
0x803F0F44, 0x3EE00033
0x803F0F4C, 0x62F70004
0x803F0F34, 0x3F00001E
0x803F0F3C, 0x63180082
0x803F0F44, 0x3F200702
0x803F0F4C, 0x63391067
0x803F0F34, 0x3F405F67
0x803F0F3C, 0x635A6D5F
0x803F0F44, 0x3F606D6F
0x803F0F4C, 0x637B6A69
0x803F0F34, 0x3F805F30
0x803F0F3C, 0x639C312E
0x803F0F44, 0x3FA06274
0x803F0F4C, 0x63BD6900
0x803F0F34, 0x3FC0000F
0x803F0F3C, 0x63DE0005
0x803F0F44, 0x3FE08841
0x803F0F4C, 0x63FF0000
0x803F0F34, 0x60000000
0x803F0F3C, 0x60000000
0x803F0F44, 0x60000000
0x803F0F4C, 0xBE300000
0x803F0F34, 0x60000000
0x803F0F3C, 0x60000000
0x803F0F44, 0x60000000
0x803F0F4C, 0x60000000
0x803F0F4C, 0xBE300000
0x803F0F34, 0x3E008033
0x803F0F3C, 0x62106068
0x803F0F44, 0x3E203A15
0x803F0F4C, 0x623100FF
0x803F0F34, 0x3E405049
0x803F0F3C, 0x62524331
0x803F0F44, 0x3E600000
0x803F0F4C, 0x6273003C
0x803F0F34, 0x3E800901
0x803F0F3C, 0x62940000
0x803F0F44, 0x3EA06B7A
0x803F0F4C, 0x62B53233
0x803F0F34, 0x3EC000B1
0x803F0F3C, 0x62D600A8
0x803F0F44, 0x3EE00033
0x803F0F4C, 0x62F70008
0x803F0F34, 0x3F00001E
0x803F0F3C, 0x63180082
0x803F0F44, 0x3F200702
0x803F0F4C, 0x63391067
0x803F0F34, 0x3F405F67
0x803F0F3C, 0x635A6D5F
0x803F0F44, 0x3F606D6F
0x803F0F4C, 0x637B6A69
0x803F0F34, 0x3F805F30
0x803F0F3C, 0x639C312E
0x803F0F44, 0x3FA06274
0x803F0F4C, 0x63BD6900
0x803F0F34, 0x3FC0000F
0x803F0F3C, 0x63DE0005
0x803F0F44, 0x3FE08841
0x803F0F4C, 0x63FF0000
0x803F0F34, 0x60000000
0x803F0F3C, 0x60000000
0x803F0F44, 0x60000000
0x803F0F4C, 0xBE300000
0x803F0F34, 0x60000000
0x803F0F3C, 0x60000000
0x803F0F44, 0x60000000
0x803F0F4C, 0x60000000
0x803F0F4C, 0xBE300000
0x803F0F34, 0x3E008033
0x803F0F3C, 0x621060A4
0x803F0F44, 0x3E203A15
0x803F0F4C, 0x623100FF
0x803F0F34, 0x3E405049
0x803F0F3C, 0x62524331
0x803F0F44, 0x3E600000
0x803F0F4C, 0x6273003C
0x803F0F34, 0x3E800901
0x803F0F3C, 0x62940000
0x803F0F44, 0x3EA06B7A
0x803F0F4C, 0x62B53232
0x803F0F34, 0x3EC000AD
0x803F0F3C, 0x62D600BC
0x803F0F44, 0x3EE00033
0x803F0F4C, 0x62F70004
0x803F0F34, 0x3F00001E
0x803F0F3C, 0x63180082
0x803F0F44, 0x3F200702
0x803F0F4C, 0x63391067
0x803F0F34, 0x3F405F67
0x803F0F3C, 0x635A6D5F
0x803F0F44, 0x3F606D6F
0x803F0F4C, 0x637B6A69
0x803F0F34, 0x3F805F30
0x803F0F3C, 0x639C312E
0x803F0F44, 0x3FA06274
0x803F0F4C, 0x63BD6900
0x803F0F34, 0x3FC0000F
0x803F0F3C, 0x63DE0005
0x803F0F44, 0x3FE08841
0x803F0F4C, 0x63FF0000
0x803F0F34, 0x60000000
0x803F0F3C, 0x60000000
0x803F0F44, 0x60000000
0x803F0F4C, 0xBE300000
0x803F0F34, 0x60000000
0x803F0F3C, 0x60000000
0x803F0F44, 0x60000000
0x803F0F4C, 0x60000000
0x803F0F4C, 0xBE300000
0x803F0F34, 0x3E008033
0x803F0F3C, 0x621060E0
0x803F0F44, 0x3E203A15
0x803F0F4C, 0x623100FF
0x803F0F34, 0x3E405049
0x803F0F3C, 0x62524331
0x803F0F44, 0x3E600000
0x803F0F4C, 0x62730040
0x803F0F34, 0x3E800901
0x803F0F3C, 0x62940000
0x803F0F44, 0x3EA06B7A
0x803F0F4C, 0x62B53231
0x803F0F34, 0x3EC000A9
0x803F0F3C, 0x62D60148
0x803F0F44, 0x3EE00040
0x803F0F4C, 0x62F7001D
0x803F0F34, 0x3F000000
0x803F0F3C, 0x63180080
0x803F0F44, 0x3F200702
0x803F0F4C, 0x63391266
0x803F0F34, 0x3F405F67
0x803F0F3C, 0x635A6D5F
0x803F0F44, 0x3F606B61
0x803F0F4C, 0x637B7A61
0x803F0F34, 0x3F807269
0x803F0F3C, 0x639C5F30
0x803F0F44, 0x3FA0322E
0x803F0F4C, 0x63BD6274
0x803F0F34, 0x3FC06900
0x803F0F3C, 0x63DE000F
0x803F0F44, 0x3FE00005
0x803F0F4C, 0x63FF4826
0x803F0F34, 0x60000000
0x803F0F3C, 0x60000000
0x803F0F44, 0x60000000
0x803F0F4C, 0xBE300000
0x803F0F34, 0x60000000
0x803F0F3C, 0x60000000
0x803F0F44, 0x60000000
0x803F0F4C, 0x60000000
0x803F0F4C, 0xBE300000
0x803F0F34, 0x3E008033
0x803F0F3C, 0x6210611C
0x803F0F44, 0x3E200000
0x803F0F4C, 0x6231CDA7
0x803F0F34, 0x3E4040FF
0x803F0F3C, 0x62520000
0x803F0F44, 0x3E605049
0x803F0F4C, 0x62734331
0x803F0F34, 0x3E800000
0x803F0F3C, 0x62940040
0x803F0F44, 0x3EA00901
0x803F0F4C, 0x62B50000
0x803F0F34, 0x3EC06B7A
0x803F0F3C, 0x62D63230
0x803F0F44, 0x3EE00069
0x803F0F4C, 0x62F70156
0x803F0F34, 0x3F000018
0x803F0F3C, 0x63180018
0x803F0F44, 0x3F200000
0x803F0F4C, 0x63390080
0x803F0F34, 0x3F400702
0x803F0F3C, 0x635A1266
0x803F0F44, 0x3F605F67
0x803F0F4C, 0x637B6D5F
0x803F0F34, 0x3F806B61
0x803F0F3C, 0x639C7A61
0x803F0F44, 0x3FA07269
0x803F0F4C, 0x63BD5F30
0x803F0F34, 0x3FC0322E
0x803F0F3C, 0x63DE6274
0x803F0F44, 0x3FE06900
0x803F0F4C, 0x63FF000F
0x803F0F34, 0x60000000
0x803F0F3C, 0x60000000
0x803F0F44, 0x60000000
0x803F0F4C, 0xBE300000
0x803F0F34, 0x60000000
0x803F0F3C, 0x60000000
0x803F0F44, 0x60000000
0x803F0F4C, 0x60000000
0x803F0F4C, 0xBE300000
0x803F0F34, 0x3E008033
0x803F0F3C, 0x62106158
0x803F0F44, 0x3E200005
0x803F0F4C, 0x62314826
0x803F0F34, 0x3E400000
0x803F0F3C, 0x6252CDA7
0x803F0F44, 0x3E6040FF
0x803F0F4C, 0x62730000
0x803F0F34, 0x3E805049
0x803F0F3C, 0x62944331
0x803F0F44, 0x3EA00000
0x803F0F4C, 0x62B5003C
0x803F0F34, 0x3EC00601
0x803F0F3C, 0x62D60000
0x803F0F44, 0x3EE06B7A
0x803F0F4C, 0x62F73139
0x803F0F34, 0x3F00FF29
0x803F0F3C, 0x631800A0
0x803F0F44, 0x3F20001D
0x803F0F4C, 0x63390007
0x803F0F34, 0x3F400702
0x803F0F3C, 0x635A1467
0x803F0F44, 0x3F605F6D
0x803F0F4C, 0x637B6F6A
0x803F0F34, 0x3F80695F
0x803F0F3C, 0x639C6869
0x803F0F44, 0x3FA06B69
0x803F0F4C, 0x63BD6167
0x803F0F34, 0x3FC06574
0x803F0F3C, 0x63DE612E
0x803F0F44, 0x3FE06274
0x803F0F4C, 0x63FF6900
0x803F0F34, 0x60000000
0x803F0F3C, 0x60000000
0x803F0F44, 0x60000000
0x803F0F4C, 0xBE300000
0x803F0F34, 0x60000000
0x803F0F3C, 0x60000000
0x803F0F44, 0x60000000
0x803F0F4C, 0x60000000
0x803F0F4C, 0xBE300000
0x803F0F34, 0x3E008033
0x803F0F3C, 0x62106194
0x803F0F44, 0x3E20000F
0x803F0F4C, 0x62310005
0x803F0F34, 0x3E400000
0x803F0F3C, 0x62520000
0x803F0F44, 0x3E608C23
0x803F0F4C, 0x627300FF
0x803F0F34, 0x3E805049
0x803F0F3C, 0x62944331
0x803F0F44, 0x3EA00000
0x803F0F4C, 0x62B5003C
0x803F0F34, 0x3EC00601
0x803F0F3C, 0x62D60000
0x803F0F44, 0x3EE06B7A
0x803F0F4C, 0x62F73138
0x803F0F34, 0x3F00FF31
0x803F0F3C, 0x631800D0
0x803F0F44, 0x3F200038
0x803F0F4C, 0x6339000A
0x803F0F34, 0x3F400702
0x803F0F3C, 0x635A1467
0x803F0F44, 0x3F605F6D
0x803F0F4C, 0x637B6F6A
0x803F0F34, 0x3F80695F
0x803F0F3C, 0x639C6869
0x803F0F44, 0x3FA06B69
0x803F0F4C, 0x63BD6167
0x803F0F34, 0x3FC06574
0x803F0F3C, 0x63DE612E
0x803F0F44, 0x3FE06274
0x803F0F4C, 0x63FF6900
0x803F0F34, 0x60000000
0x803F0F3C, 0x60000000
0x803F0F44, 0x60000000
0x803F0F4C, 0xBE300000
0x803F0F34, 0x60000000
0x803F0F3C, 0x60000000
0x803F0F44, 0x60000000
0x803F0F4C, 0x60000000
0x803F0F4C, 0xBE300000
0x803F0F34, 0x3E008033
0x803F0F3C, 0x621061D0
0x803F0F44, 0x3E20000F
0x803F0F4C, 0x62310305
0x803F0F34, 0x3E400000
0x803F0F3C, 0x62520000
0x803F0F44, 0x3E608C55
0x803F0F4C, 0x627300FF
0x803F0F34, 0x3E805049
0x803F0F3C, 0x62944331
0x803F0F44, 0x3EA00000
0x803F0F4C, 0x62B5003C
0x803F0F34, 0x3EC00601
0x803F0F3C, 0x62D60000
0x803F0F44, 0x3EE06B7A
0x803F0F4C, 0x62F73137
0x803F0F34, 0x3F00FF59
0x803F0F3C, 0x631800A8
0x803F0F44, 0x3F20001D
0x803F0F4C, 0x63390007
0x803F0F34, 0x3F400702
0x803F0F3C, 0x635A1467
0x803F0F44, 0x3F605F6D
0x803F0F4C, 0x637B6F6A
0x803F0F34, 0x3F80695F
0x803F0F3C, 0x639C6869
0x803F0F44, 0x3FA06B69
0x803F0F4C, 0x63BD6167
0x803F0F34, 0x3FC06574
0x803F0F3C, 0x63DE612E
0x803F0F44, 0x3FE06274
0x803F0F4C, 0x63FF6900
0x803F0F34, 0x60000000
0x803F0F3C, 0x60000000
0x803F0F44, 0x60000000
0x803F0F4C, 0xBE300000
0x803F0F34, 0x60000000
0x803F0F3C, 0x60000000
0x803F0F44, 0x60000000
0x803F0F4C, 0x60000000
0x803F0F4C, 0xBE300000
0x803F0F34, 0x3E008033
0x803F0F3C, 0x6210620C
0x803F0F44, 0x3E20000F
0x803F0F4C, 0x62310005
0x803F0F34, 0x3E400000
0x803F0F3C, 0x62520000
0x803F0F44, 0x3E608C23
0x803F0F4C, 0x627300FF
0x803F0F34, 0x3E805049
0x803F0F3C, 0x62944331
0x803F0F44, 0x3EA00000
0x803F0F4C, 0x62B5003C
0x803F0F34, 0x3EC00601
0x803F0F3C, 0x62D60000
0x803F0F44, 0x3EE06B7A
0x803F0F4C, 0x62F73136
0x803F0F34, 0x3F00FF31
0x803F0F3C, 0x631800E8
0x803F0F44, 0x3F20001D
0x803F0F4C, 0x63390007
0x803F0F34, 0x3F400702
0x803F0F3C, 0x635A1467
0x803F0F44, 0x3F605F6D
0x803F0F4C, 0x637B6F6A
0x803F0F34, 0x3F80695F
0x803F0F3C, 0x639C6869
0x803F0F44, 0x3FA06B69
0x803F0F4C, 0x63BD6167
0x803F0F34, 0x3FC06574
0x803F0F3C, 0x63DE612E
0x803F0F44, 0x3FE06274
0x803F0F4C, 0x63FF6900
0x803F0F34, 0x60000000
0x803F0F3C, 0x60000000
0x803F0F44, 0x60000000
0x803F0F4C, 0xBE300000
0x803F0F34, 0x60000000
0x803F0F3C, 0x60000000
0x803F0F44, 0x60000000
0x803F0F4C, 0x60000000
0x803F0F4C, 0xBE300000
0x803F0F34, 0x3E008033
0x803F0F3C, 0x62106248
0x803F0F44, 0x3E20000F
0x803F0F4C, 0x62310005
0x803F0F34, 0x3E400000
0x803F0F3C, 0x62520000
0x803F0F44, 0x3E608C23
0x803F0F4C, 0x627300FF
0x803F0F34, 0x3E805049
0x803F0F3C, 0x62944331
0x803F0F44, 0x3EA00000
0x803F0F4C, 0x62B5003C
0x803F0F34, 0x3EC00601
0x803F0F3C, 0x62D60000
0x803F0F44, 0x3EE06B7A
0x803F0F4C, 0x62F73135
0x803F0F34, 0x3F00FF51
0x803F0F3C, 0x631800F8
0x803F0F44, 0x3F20001D
0x803F0F4C, 0x63390007
0x803F0F34, 0x3F400702
0x803F0F3C, 0x635A1467
0x803F0F44, 0x3F605F6D
0x803F0F4C, 0x637B6F6A
0x803F0F34, 0x3F80695F
0x803F0F3C, 0x639C6869
0x803F0F44, 0x3FA06B69
0x803F0F4C, 0x63BD6167
0x803F0F34, 0x3FC06574
0x803F0F3C, 0x63DE612E
0x803F0F44, 0x3FE06274
0x803F0F4C, 0x63FF6900
0x803F0F34, 0x60000000
0x803F0F3C, 0x60000000
0x803F0F44, 0x60000000
0x803F0F4C, 0xBE300000
0x803F0F34, 0x60000000
0x803F0F3C, 0x60000000
0x803F0F44, 0x60000000
0x803F0F4C, 0x60000000
0x803F0F4C, 0xBE300000
0x803F0F34, 0x3E008033
0x803F0F3C, 0x62106284
0x803F0F44, 0x3E20000F
0x803F0F4C, 0x62310005
0x803F0F34, 0x3E400000
0x803F0F3C, 0x62520000
0x803F0F44, 0x3E608C23
0x803F0F4C, 0x627300FF
0x803F0F34, 0x3E805049
0x803F0F3C, 0x62944331
0x803F0F44, 0x3EA00000
0x803F0F4C, 0x62B5003C
0x803F0F34, 0x3EC00601
0x803F0F3C, 0x62D60000
0x803F0F44, 0x3EE06B7A
0x803F0F4C, 0x62F73134
0x803F0F34, 0x3F00FFB1
0x803F0F3C, 0x63180160
0x803F0F44, 0x3F20001D
0x803F0F4C, 0x63390007
0x803F0F34, 0x3F400702
0x803F0F3C, 0x635A1467
0x803F0F44, 0x3F605F6D
0x803F0F4C, 0x637B6F6A
0x803F0F34, 0x3F80695F
0x803F0F3C, 0x639C6869
0x803F0F44, 0x3FA06B69
0x803F0F4C, 0x63BD6167
0x803F0F34, 0x3FC06574
0x803F0F3C, 0x63DE612E
0x803F0F44, 0x3FE06274
0x803F0F4C, 0x63FF6900
0x803F0F34, 0x60000000
0x803F0F3C, 0x60000000
0x803F0F44, 0x60000000
0x803F0F4C, 0xBE300000
0x803F0F34, 0x60000000
0x803F0F3C, 0x60000000
0x803F0F44, 0x60000000
0x803F0F4C, 0x60000000
0x803F0F4C, 0xBE300000
0x803F0F34, 0x3E008033
0x803F0F3C, 0x621062C0
0x803F0F44, 0x3E20000F
0x803F0F4C, 0x62310005
0x803F0F34, 0x3E400000
0x803F0F3C, 0x62520000
0x803F0F44, 0x3E608C23
0x803F0F4C, 0x627300FF
0x803F0F34, 0x3E805049
0x803F0F3C, 0x62944331
0x803F0F44, 0x3EA00000
0x803F0F4C, 0x62B5003C
0x803F0F34, 0x3EC00601
0x803F0F3C, 0x62D60000
0x803F0F44, 0x3EE06B7A
0x803F0F4C, 0x62F73133
0x803F0F34, 0x3F00FF71
0x803F0F3C, 0x631800C0
0x803F0F44, 0x3F20001D
0x803F0F4C, 0x63390007
0x803F0F34, 0x3F400702
0x803F0F3C, 0x635A1467
0x803F0F44, 0x3F605F6D
0x803F0F4C, 0x637B6F6A
0x803F0F34, 0x3F80695F
0x803F0F3C, 0x639C6869
0x803F0F44, 0x3FA06B69
0x803F0F4C, 0x63BD6167
0x803F0F34, 0x3FC06574
0x803F0F3C, 0x63DE612E
0x803F0F44, 0x3FE06274
0x803F0F4C, 0x63FF6900
0x803F0F34, 0x60000000
0x803F0F3C, 0x60000000
0x803F0F44, 0x60000000
0x803F0F4C, 0xBE300000
0x803F0F34, 0x60000000
0x803F0F3C, 0x60000000
0x803F0F44, 0x60000000
0x803F0F4C, 0x60000000
0x803F0F4C, 0xBE300000
0x803F0F34, 0x3E008033
0x803F0F3C, 0x621062FC
0x803F0F44, 0x3E20000F
0x803F0F4C, 0x62310005
0x803F0F34, 0x3E400000
0x803F0F3C, 0x62520000
0x803F0F44, 0x3E608C23
0x803F0F4C, 0x627300FF
0x803F0F34, 0x3E805049
0x803F0F3C, 0x62944331
0x803F0F44, 0x3EA00000
0x803F0F4C, 0x62B50040
0x803F0F34, 0x3EC00901
0x803F0F3C, 0x62D60000
0x803F0F44, 0x3EE06B7A
0x803F0F4C, 0x62F73132
0x803F0F34, 0x3F000057
0x803F0F3C, 0x6318014B
0x803F0F44, 0x3F200020
0x803F0F4C, 0x63390008
0x803F0F34, 0x3F400000
0x803F0F3C, 0x635A0082
0x803F0F44, 0x3F600702
0x803F0F4C, 0x637B1467
0x803F0F34, 0x3F805F6D
0x803F0F3C, 0x639C6F6A
0x803F0F44, 0x3FA0695F
0x803F0F4C, 0x63BD6869
0x803F0F34, 0x3FC06B69
0x803F0F3C, 0x63DE6167
0x803F0F44, 0x3FE06574
0x803F0F4C, 0x63FF612E
0x803F0F34, 0x60000000
0x803F0F3C, 0x60000000
0x803F0F44, 0x60000000
0x803F0F4C, 0xBE300000
0x803F0F34, 0x60000000
0x803F0F3C, 0x60000000
0x803F0F44, 0x60000000
0x803F0F4C, 0x60000000
0x803F0F4C, 0xBE300000
0x803F0F34, 0x3E008033
0x803F0F3C, 0x62106338
0x803F0F44, 0x3E206274
0x803F0F4C, 0x62316900
0x803F0F34, 0x3E40000F
0x803F0F3C, 0x62520005
0x803F0F44, 0x3E600000
0x803F0F4C, 0x62730000
0x803F0F34, 0x3E808C23
0x803F0F3C, 0x629400FF
0x803F0F44, 0x3EA05049
0x803F0F4C, 0x62B54331
0x803F0F34, 0x3EC00000
0x803F0F3C, 0x62D60040
0x803F0F44, 0x3EE00901
0x803F0F4C, 0x62F70000
0x803F0F34, 0x3F006B7A
0x803F0F3C, 0x63183131
0x803F0F44, 0x3F20FF81
0x803F0F4C, 0x63390158
0x803F0F34, 0x3F40001D
0x803F0F3C, 0x635A0007
0x803F0F44, 0x3F600000
0x803F0F4C, 0x637B0082
0x803F0F34, 0x3F800702
0x803F0F3C, 0x639C1467
0x803F0F44, 0x3FA05F6D
0x803F0F4C, 0x63BD6F6A
0x803F0F34, 0x3FC0695F
0x803F0F3C, 0x63DE6869
0x803F0F44, 0x3FE06B69
0x803F0F4C, 0x63FF6167
0x803F0F34, 0x60000000
0x803F0F3C, 0x60000000
0x803F0F44, 0x60000000
0x803F0F4C, 0xBE300000
0x803F0F34, 0x60000000
0x803F0F3C, 0x60000000
0x803F0F44, 0x60000000
0x803F0F4C, 0x60000000
0x803F0F4C, 0xBE300000
0x803F0F34, 0x3E008033
0x803F0F3C, 0x62106374
0x803F0F44, 0x3E206574
0x803F0F4C, 0x6231612E
0x803F0F34, 0x3E406274
0x803F0F3C, 0x62526900
0x803F0F44, 0x3E60000F
0x803F0F4C, 0x62730005
0x803F0F34, 0x3E800000
0x803F0F3C, 0x62940000
0x803F0F44, 0x3EA08C23
0x803F0F4C, 0x62B500FF
0x803F0F34, 0x3EC05049
0x803F0F3C, 0x62D64331
0x803F0F44, 0x3EE00000
0x803F0F4C, 0x62F7003C
0x803F0F34, 0x3F000901
0x803F0F3C, 0x63180000
0x803F0F44, 0x3F206B7A
0x803F0F4C, 0x63393130
0x803F0F34, 0x3F400001
0x803F0F3C, 0x635A0062
0x803F0F44, 0x3F600048
0x803F0F4C, 0x637B000C
0x803F0F34, 0x3F800000
0x803F0F3C, 0x639C00A3
0x803F0F44, 0x3FA00702
0x803F0F4C, 0x63BD1067
0x803F0F34, 0x3FC05F67
0x803F0F3C, 0x63DE6D5F
0x803F0F44, 0x3FE06D6F
0x803F0F4C, 0x63FF6A69
0x803F0F34, 0x60000000
0x803F0F3C, 0x60000000
0x803F0F44, 0x60000000
0x803F0F4C, 0xBE300000
0x803F0F34, 0x60000000
0x803F0F3C, 0x60000000
0x803F0F44, 0x60000000
0x803F0F4C, 0x60000000
0x803F0F4C, 0xBE300000
0x803F0F34, 0x3E008033
0x803F0F3C, 0x621063B0
0x803F0F44, 0x3E205F30
0x803F0F4C, 0x6231312E
0x803F0F34, 0x3E406274
0x803F0F3C, 0x62526900
0x803F0F44, 0x3E60000F
0x803F0F4C, 0x62730005
0x803F0F34, 0x3E800000
0x803F0F3C, 0x62940000
0x803F0F44, 0x3EA08943
0x803F0F4C, 0x62B500FF
0x803F0F34, 0x3EC05049
0x803F0F3C, 0x62D64331
0x803F0F44, 0x3EE00000
0x803F0F4C, 0x62F7003C
0x803F0F34, 0x3F000601
0x803F0F3C, 0x63180000
0x803F0F44, 0x3F206B7A
0x803F0F4C, 0x63393039
0x803F0F34, 0x3F40FF61
0x803F0F3C, 0x635A0160
0x803F0F44, 0x3F60001D
0x803F0F4C, 0x637B0007
0x803F0F34, 0x3F800702
0x803F0F3C, 0x639C1467
0x803F0F44, 0x3FA05F6D
0x803F0F4C, 0x63BD6F6A
0x803F0F34, 0x3FC0695F
0x803F0F3C, 0x63DE6869
0x803F0F44, 0x3FE06B69
0x803F0F4C, 0x63FF6167
0x803F0F34, 0x60000000
0x803F0F3C, 0x60000000
0x803F0F44, 0x60000000
0x803F0F4C, 0xBE300000
0x803F0F34, 0x60000000
0x803F0F3C, 0x60000000
0x803F0F44, 0x60000000
0x803F0F4C, 0x60000000
0x803F0F4C, 0xBE300000
0x803F0F34, 0x3E008033
0x803F0F3C, 0x621063EC
0x803F0F44, 0x3E206574
0x803F0F4C, 0x6231612E
0x803F0F34, 0x3E406274
0x803F0F3C, 0x62526900
0x803F0F44, 0x3E60000F
0x803F0F4C, 0x62730005
0x803F0F34, 0x3E800000
0x803F0F3C, 0x62940000
0x803F0F44, 0x3EA08C23
0x803F0F4C, 0x62B500FF
0x803F0F34, 0x3EC05049
0x803F0F3C, 0x62D64331
0x803F0F44, 0x3EE00000
0x803F0F4C, 0x62F7003C
0x803F0F34, 0x3F000901
0x803F0F3C, 0x63180000
0x803F0F44, 0x3F206B7A
0x803F0F4C, 0x63393037
0x803F0F34, 0x3F40FF7A
0x803F0F3C, 0x635A0163
0x803F0F44, 0x3F600033
0x803F0F4C, 0x637B0008
0x803F0F34, 0x3F800000
0x803F0F3C, 0x639C0082
0x803F0F44, 0x3FA00702
0x803F0F4C, 0x63BD1067
0x803F0F34, 0x3FC05F67
0x803F0F3C, 0x63DE6D5F
0x803F0F44, 0x3FE06D6F
0x803F0F4C, 0x63FF6A69
0x803F0F34, 0x60000000
0x803F0F3C, 0x60000000
0x803F0F44, 0x60000000
0x803F0F4C, 0xBE300000
0x803F0F34, 0x60000000
0x803F0F3C, 0x60000000
0x803F0F44, 0x60000000
0x803F0F4C, 0x60000000
0x803F0F4C, 0xBE300000
0x803F0F34, 0x3E008033
0x803F0F3C, 0x62106428
0x803F0F44, 0x3E205F30
0x803F0F4C, 0x6231312E
0x803F0F34, 0x3E406274
0x803F0F3C, 0x62526900
0x803F0F44, 0x3E60000F
0x803F0F4C, 0x62730005
0x803F0F34, 0x3E800000
0x803F0F3C, 0x62940000
0x803F0F44, 0x3EA0CDA7
0x803F0F4C, 0x62B540FF
0x803F0F34, 0x3EC05049
0x803F0F3C, 0x62D64331
0x803F0F44, 0x3EE00000
0x803F0F4C, 0x62F70040
0x803F0F34, 0x3F000901
0x803F0F3C, 0x63180000
0x803F0F44, 0x3F206B7A
0x803F0F4C, 0x63393038
0x803F0F34, 0x3F4000B9
0x803F0F3C, 0x635A0020
0x803F0F44, 0x3F600030
0x803F0F4C, 0x637B0016
0x803F0F34, 0x3F800000
0x803F0F3C, 0x639C0080
0x803F0F44, 0x3FA00702
0x803F0F4C, 0x63BD1266
0x803F0F34, 0x3FC05F67
0x803F0F3C, 0x63DE6D5F
0x803F0F44, 0x3FE06B61
0x803F0F4C, 0x63FF7A61
0x803F0F34, 0x60000000
0x803F0F3C, 0x60000000
0x803F0F44, 0x60000000
0x803F0F4C, 0xBE300000
0x803F0F34, 0x60000000
0x803F0F3C, 0x60000000
0x803F0F44, 0x60000000
0x803F0F4C, 0x60000000
0x803F0F4C, 0xBE300000
0x803F0F34, 0x3E008033
0x803F0F3C, 0x62106464
0x803F0F44, 0x3E207269
0x803F0F4C, 0x62315F30
0x803F0F34, 0x3E40322E
0x803F0F3C, 0x62526274
0x803F0F44, 0x3E606900
0x803F0F4C, 0x6273000F
0x803F0F34, 0x3E800005
0x803F0F3C, 0x62944826
0x803F0F44, 0x3EA00000
0x803F0F4C, 0x62B59981
0x803F0F34, 0x3EC01EFF
0x803F0F3C, 0x62D60000
0x803F0F44, 0x3EE05049
0x803F0F4C, 0x62F74331
0x803F0F34, 0x3F000000
0x803F0F3C, 0x6318003C
0x803F0F44, 0x3F200601
0x803F0F4C, 0x63390000
0x803F0F34, 0x3F406B7A
0x803F0F3C, 0x635A3238
0x803F0F44, 0x3F600000
0x803F0F4C, 0x637BFFEB
0x803F0F34, 0x3F800058
0x803F0F3C, 0x639C0033
0x803F0F44, 0x3FA00702
0x803F0F4C, 0x63BD1269
0x803F0F34, 0x3FC07465
0x803F0F3C, 0x63DE6D5F
0x803F0F44, 0x3FE06E61
0x803F0F4C, 0x63FF6D65
0x803F0F34, 0x60000000
0x803F0F3C, 0x60000000
0x803F0F44, 0x60000000
0x803F0F4C, 0xBE300000
0x803F0F34, 0x60000000
0x803F0F3C, 0x60000000
0x803F0F44, 0x60000000
0x803F0F4C, 0x60000000
0x803F0F4C, 0xBE300000
0x803F0F34, 0x3E008033
0x803F0F3C, 0x621064A0
0x803F0F44, 0x3E20706C
0x803F0F4C, 0x62316174
0x803F0F34, 0x3E40652E
0x803F0F3C, 0x62526274
0x803F0F44, 0x3E606900
0x803F0F4C, 0x6273000F
0x803F0F34, 0x3E800305
0x803F0F3C, 0x62943C09
0x803F0F44, 0x3EA00000
0x803F0F4C, 0x62B5D3C4
0x803F0F34, 0x3EC065FF
0x803F0F3C, 0x62D60000
0x803F0F44, 0x3EE05049
0x803F0F4C, 0x62F74331
0x803F0F34, 0x3F000000
0x803F0F3C, 0x6318003C
0x803F0F44, 0x3F200601
0x803F0F4C, 0x63390000
0x803F0F34, 0x3F406B7A
0x803F0F3C, 0x635A3237
0x803F0F44, 0x3F60FFA8
0x803F0F4C, 0x637BFFEB
0x803F0F34, 0x3F800058
0x803F0F3C, 0x639C0030
0x803F0F44, 0x3FA00702
0x803F0F4C, 0x63BD1269
0x803F0F34, 0x3FC07465
0x803F0F3C, 0x63DE6D5F
0x803F0F44, 0x3FE06E61
0x803F0F4C, 0x63FF6D65
0x803F0F34, 0x60000000
0x803F0F3C, 0x60000000
0x803F0F44, 0x60000000
0x803F0F4C, 0xBE300000
0x803F0F34, 0x60000000
0x803F0F3C, 0x60000000
0x803F0F44, 0x60000000
0x803F0F4C, 0x60000000
0x803F0F4C, 0xBE300000
0x803F0F34, 0x3E008033
0x803F0F3C, 0x621064DC
0x803F0F44, 0x3E20706C
0x803F0F4C, 0x62316174
0x803F0F34, 0x3E40652E
0x803F0F3C, 0x62526274
0x803F0F44, 0x3E606900
0x803F0F4C, 0x6273000F
0x803F0F34, 0x3E800005
0x803F0F3C, 0x62943C09
0x803F0F44, 0x3EA00000
0x803F0F4C, 0x62B5D3C4
0x803F0F34, 0x3EC065FF
0x803F0F3C, 0x62D60000
0x803F0F44, 0x3EE05049
0x803F0F4C, 0x62F74331
0x803F0F34, 0x3F000000
0x803F0F3C, 0x6318003C
0x803F0F44, 0x3F200801
0x803F0F4C, 0x63390000
0x803F0F34, 0x3F406B7A
0x803F0F3C, 0x635A3034
0x803F0F44, 0x3F60FFBE
0x803F0F4C, 0x637BFFF7
0x803F0F34, 0x3F800080
0x803F0F3C, 0x639C0018
0x803F0F44, 0x3FA00000
0x803F0F4C, 0x63BD0400
0x803F0F34, 0x3FC00702
0x803F0F3C, 0x63DE1067
0x803F0F44, 0x3FE05F67
0x803F0F4C, 0x63FF6D5F
0x803F0F34, 0x60000000
0x803F0F3C, 0x60000000
0x803F0F44, 0x60000000
0x803F0F4C, 0xBE300000
0x803F0F34, 0x60000000
0x803F0F3C, 0x60000000
0x803F0F44, 0x60000000
0x803F0F4C, 0x60000000
0x803F0F4C, 0xBE300000
0x803F0F34, 0x3E008033
0x803F0F3C, 0x62106518
0x803F0F44, 0x3E206D6F
0x803F0F4C, 0x62316A69
0x803F0F34, 0x3E405F30
0x803F0F3C, 0x6252312E
0x803F0F44, 0x3E606274
0x803F0F4C, 0x62736900
0x803F0F34, 0x3E80000F
0x803F0F3C, 0x62940005
0x803F0F44, 0x3EA08841
0x803F0F4C, 0x62B50000
0x803F0F34, 0x3EC03A15
0x803F0F3C, 0x62D600FF
0x803F0F44, 0x3EE05049
0x803F0F4C, 0x62F74331
0x803F0F34, 0x3F000000
0x803F0F3C, 0x6318003C
0x803F0F44, 0x3F200901
0x803F0F4C, 0x63390000
0x803F0F34, 0x3F406B7A
0x803F0F3C, 0x635A3331
0x803F0F44, 0x3F60005D
0x803F0F4C, 0x637BFFF0
0x803F0F34, 0x3F800086
0x803F0F3C, 0x639C0027
0x803F0F44, 0x3FA00000
0x803F0F4C, 0x63BD0096
0x803F0F34, 0x3FC00702
0x803F0F3C, 0x63DE0D67
0x803F0F44, 0x3FE05F73
0x803F0F4C, 0x63FF6574
0x803F0F34, 0x60000000
0x803F0F3C, 0x60000000
0x803F0F44, 0x60000000
0x803F0F4C, 0xBE300000
0x803F0F34, 0x60000000
0x803F0F3C, 0x60000000
0x803F0F44, 0x60000000
0x803F0F4C, 0x60000000
0x803F0F4C, 0xBE300000
0x803F0F34, 0x3E008033
0x803F0F3C, 0x62106554
0x803F0F44, 0x3E20756D
0x803F0F4C, 0x62316569
0x803F0F34, 0x3E402E62
0x803F0F3C, 0x62527469
0x803F0F44, 0x3E600000
0x803F0F4C, 0x62730F00
0x803F0F34, 0x3E800548
0x803F0F3C, 0x62940000
0x803F0F44, 0x3EA000FF
0x803F0F4C, 0x62B5FF76
0x803F0F34, 0x3EC0FF00
0x803F0F3C, 0x62D60000
0x803F0F44, 0x3EE0454E
0x803F0F4C, 0x62F74431
0x803F0F34, 0x3F000000
0x803F0F3C, 0x63180008
0x803F0F44, 0x3F205049
0x803F0F4C, 0x63394331
0x803F0F34, 0x3F400000
0x803F0F3C, 0x635A0040
0x803F0F44, 0x3F600901
0x803F0F4C, 0x637B0000
0x803F0F34, 0x3F800057
0x803F0F3C, 0x639C4B33
0x803F0F44, 0x3FA000BE
0x803F0F4C, 0x63BD002E
0x803F0F34, 0x3FC00028
0x803F0F3C, 0x63DE0028
0x803F0F44, 0x3FE00000
0x803F0F4C, 0x63FF04D8
0x803F0F34, 0x60000000
0x803F0F3C, 0x60000000
0x803F0F44, 0x60000000
0x803F0F4C, 0xBE300000
0x803F0F34, 0x60000000
0x803F0F3C, 0x60000000
0x803F0F44, 0x60000000
0x803F0F4C, 0x60000000
0x803F0F4C, 0xBE300000
0x803F0F34, 0x3E008033
0x803F0F3C, 0x62106590
0x803F0F44, 0x3E200702
0x803F0F4C, 0x62311266
0x803F0F34, 0x3E405F67
0x803F0F3C, 0x62526D5F
0x803F0F44, 0x3E606B61
0x803F0F4C, 0x62737A61
0x803F0F34, 0x3E807269
0x803F0F3C, 0x62945F30
0x803F0F44, 0x3EA0322E
0x803F0F4C, 0x62B56274
0x803F0F34, 0x3EC06900
0x803F0F3C, 0x62D6000F
0x803F0F44, 0x3EE00005
0x803F0F4C, 0x62F77E44
0x803F0F34, 0x3F000000
0x803F0F3C, 0x63186012
0x803F0F44, 0x3F2004FF
0x803F0F4C, 0x63390000
0x803F0F34, 0x3F404247
0x803F0F3C, 0x635A4E31
0x803F0F44, 0x3F600000
0x803F0F4C, 0x637B0008
0x803F0F34, 0x3F805049
0x803F0F3C, 0x639C4331
0x803F0F44, 0x3FA00000
0x803F0F4C, 0x63BD0040
0x803F0F34, 0x3FC00801
0x803F0F3C, 0x63DE0000
0x803F0F44, 0x3FE00057
0x803F0F4C, 0x63FF4B32
0x803F0F34, 0x60000000
0x803F0F3C, 0x60000000
0x803F0F44, 0x60000000
0x803F0F4C, 0xBE300000
0x803F0F34, 0x60000000
0x803F0F3C, 0x60000000
0x803F0F44, 0x60000000
0x803F0F4C, 0x60000000
0x803F0F4C, 0xBE300000
0x803F0F34, 0x3E008033
0x803F0F3C, 0x621065CC
0x803F0F44, 0x3E20FFCE
0x803F0F4C, 0x62310002
0x803F0F34, 0x3E400028
0x803F0F3C, 0x62520028
0x803F0F44, 0x3E600000
0x803F0F4C, 0x62730400
0x803F0F34, 0x3E800702
0x803F0F3C, 0x62941266
0x803F0F44, 0x3EA05F67
0x803F0F4C, 0x62B56D5F
0x803F0F34, 0x3EC06B61
0x803F0F3C, 0x62D67A61
0x803F0F44, 0x3EE07269
0x803F0F4C, 0x62F75F30
0x803F0F34, 0x3F00322E
0x803F0F3C, 0x63186274
0x803F0F44, 0x3F206900
0x803F0F4C, 0x6339000F
0x803F0F34, 0x3F400005
0x803F0F3C, 0x635A7E44
0x803F0F44, 0x3F600000
0x803F0F4C, 0x637B6012
0x803F0F34, 0x3F8004FF
0x803F0F3C, 0x639C0000
0x803F0F44, 0x3FA05049
0x803F0F4C, 0x63BD4331
0x803F0F34, 0x3FC00000
0x803F0F3C, 0x63DE003C
0x803F0F44, 0x3FE00601
0x803F0F4C, 0x63FF0000
0x803F0F34, 0x60000000
0x803F0F3C, 0x60000000
0x803F0F44, 0x60000000
0x803F0F4C, 0xBE300000
0x803F0F34, 0x60000000
0x803F0F3C, 0x60000000
0x803F0F44, 0x60000000
0x803F0F4C, 0x60000000
0x803F0F4C, 0xBE300000
0x803F0F34, 0x3E008033
0x803F0F3C, 0x62106608
0x803F0F44, 0x3E200057
0x803F0F4C, 0x62314B31
0x803F0F34, 0x3E40FF9B
0x803F0F3C, 0x62520001
0x803F0F44, 0x3E600028
0x803F0F4C, 0x62730028
0x803F0F34, 0x3E800702
0x803F0F3C, 0x62941266
0x803F0F44, 0x3EA05F67
0x803F0F4C, 0x62B56D5F
0x803F0F34, 0x3EC06B61
0x803F0F3C, 0x62D67A61
0x803F0F44, 0x3EE07269
0x803F0F4C, 0x62F75F30
0x803F0F34, 0x3F00322E
0x803F0F3C, 0x63186274
0x803F0F44, 0x3F206900
0x803F0F4C, 0x6339000F
0x803F0F34, 0x3F400005
0x803F0F3C, 0x635A7E44
0x803F0F44, 0x3F600000
0x803F0F4C, 0x637B6012
0x803F0F34, 0x3F8004FF
0x803F0F3C, 0x639C0000
0x803F0F44, 0x3FA05049
0x803F0F4C, 0x63BD4331
0x803F0F34, 0x3FC00000
0x803F0F3C, 0x63DE003C
0x803F0F44, 0x3FE00901
0x803F0F4C, 0x63FF0000
0x803F0F34, 0x60000000
0x803F0F3C, 0x60000000
0x803F0F44, 0x60000000
0x803F0F4C, 0xBE300000
0x803F0F34, 0x60000000
0x803F0F3C, 0x60000000
0x803F0F44, 0x60000000
0x803F0F4C, 0x60000000
0x803F0F4C, 0xBE300000
0x803F0F34, 0x3E008033
0x803F0F3C, 0x62106644
0x803F0F44, 0x3E200047
0x803F0F4C, 0x62315433
0x803F0F34, 0x3E400004
0x803F0F3C, 0x62520003
0x803F0F44, 0x3E600020
0x803F0F4C, 0x62730026
0x803F0F34, 0x3E800000
0x803F0F3C, 0x629400AF
0x803F0F44, 0x3EA00702
0x803F0F4C, 0x62B50E67
0x803F0F34, 0x3EC05F67
0x803F0F3C, 0x62D66169
0x803F0F44, 0x3EE06B6F
0x803F0F4C, 0x62F77473
0x803F0F34, 0x3F00752E
0x803F0F3C, 0x63186274
0x803F0F44, 0x3F206900
0x803F0F4C, 0x6339000F
0x803F0F34, 0x3F400005
0x803F0F3C, 0x635A4800
0x803F0F44, 0x3F600000
0x803F0F4C, 0x637BFFFF
0x803F0F34, 0x3F8000FF
0x803F0F3C, 0x639C0000
0x803F0F44, 0x3FA05049
0x803F0F4C, 0x63BD4331
0x803F0F34, 0x3FC00000
0x803F0F3C, 0x63DE003C
0x803F0F44, 0x3FE00901
0x803F0F4C, 0x63FF0000
0x803F0F34, 0x60000000
0x803F0F3C, 0x60000000
0x803F0F44, 0x60000000
0x803F0F4C, 0xBE300000
0x803F0F34, 0x60000000
0x803F0F3C, 0x60000000
0x803F0F44, 0x60000000
0x803F0F4C, 0x60000000
0x803F0F4C, 0xBE300000
0x803F0F34, 0x3E008033
0x803F0F3C, 0x62106680
0x803F0F44, 0x3E200047
0x803F0F4C, 0x62315432
0x803F0F34, 0x3E40FFD2
0x803F0F3C, 0x62520003
0x803F0F44, 0x3E600020
0x803F0F4C, 0x62730026
0x803F0F34, 0x3E800000
0x803F0F3C, 0x629400AF
0x803F0F44, 0x3EA00702
0x803F0F4C, 0x62B50E67
0x803F0F34, 0x3EC05F67
0x803F0F3C, 0x62D66169
0x803F0F44, 0x3EE06B6F
0x803F0F4C, 0x62F77473
0x803F0F34, 0x3F00752E
0x803F0F3C, 0x63186274
0x803F0F44, 0x3F206900
0x803F0F4C, 0x6339000F
0x803F0F34, 0x3F400005
0x803F0F3C, 0x635A4800
0x803F0F44, 0x3F600000
0x803F0F4C, 0x637BFFFF
0x803F0F34, 0x3F8000FF
0x803F0F3C, 0x639C0000
0x803F0F44, 0x3FA05049
0x803F0F4C, 0x63BD4331
0x803F0F34, 0x3FC00000
0x803F0F3C, 0x63DE003C
0x803F0F44, 0x3FE00901
0x803F0F4C, 0x63FF0000
0x803F0F34, 0x60000000
0x803F0F3C, 0x60000000
0x803F0F44, 0x60000000
0x803F0F4C, 0xBE300000
0x803F0F34, 0x60000000
0x803F0F3C, 0x60000000
0x803F0F44, 0x60000000
0x803F0F4C, 0x60000000
0x803F0F4C, 0xBE300000
0x803F0F34, 0x3E008033
0x803F0F3C, 0x621066BC
0x803F0F44, 0x3E200047
0x803F0F4C, 0x62315431
0x803F0F34, 0x3E40FFA0
0x803F0F3C, 0x62520003
0x803F0F44, 0x3E60001E
0x803F0F4C, 0x62730024
0x803F0F34, 0x3E800000
0x803F0F3C, 0x629400AF
0x803F0F44, 0x3EA00702
0x803F0F4C, 0x62B50E67
0x803F0F34, 0x3EC05F67
0x803F0F3C, 0x62D66169
0x803F0F44, 0x3EE06B6F
0x803F0F4C, 0x62F77473
0x803F0F34, 0x3F00752E
0x803F0F3C, 0x63186274
0x803F0F44, 0x3F206900
0x803F0F4C, 0x6339000F
0x803F0F34, 0x3F400005
0x803F0F3C, 0x635A4800
0x803F0F44, 0x3F600000
0x803F0F4C, 0x637BFFFF
0x803F0F34, 0x3F8000FF
0x803F0F3C, 0x639C0000
0x803F0F44, 0x3FA05049
0x803F0F4C, 0x63BD4331
0x803F0F34, 0x3FC00000
0x803F0F3C, 0x63DE0038
0x803F0F44, 0x3FE00801
0x803F0F4C, 0x63FF0000
0x803F0F34, 0x60000000
0x803F0F3C, 0x60000000
0x803F0F44, 0x60000000
0x803F0F4C, 0xBE300000
0x803F0F34, 0x60000000
0x803F0F3C, 0x60000000
0x803F0F44, 0x60000000
0x803F0F4C, 0x60000000
0x803F0F4C, 0xBE300000
0x803F0F34, 0x3E008033
0x803F0F3C, 0x621066F8
0x803F0F44, 0x3E200042
0x803F0F4C, 0x62315431
0x803F0F34, 0x3E40FFA0
0x803F0F3C, 0x62520003
0x803F0F44, 0x3E60001E
0x803F0F4C, 0x62730024
0x803F0F34, 0x3E800000
0x803F0F3C, 0x62940400
0x803F0F44, 0x3EA00702
0x803F0F4C, 0x62B50B67
0x803F0F34, 0x3EC05F62
0x803F0F3C, 0x62D66174
0x803F0F44, 0x3EE07375
0x803F0F4C, 0x62F72E62
0x803F0F34, 0x3F007469
0x803F0F3C, 0x63180000
0x803F0F44, 0x3F200F00
0x803F0F4C, 0x63390500
0x803F0F34, 0x3F400000
0x803F0F3C, 0x635A00FF
0x803F0F44, 0x3F600000
0x803F0F4C, 0x637BFF00
0x803F0F34, 0x3F80454E
0x803F0F3C, 0x639C4431
0x803F0F44, 0x3FA00000
0x803F0F4C, 0x63BD0008
0x803F0F34, 0x3FC0454E
0x803F0F3C, 0x63DE4431
0x803F0F44, 0x3FE00000
0x803F0F4C, 0x63FF0008
0x803F0F34, 0x60000000
0x803F0F3C, 0x60000000
0x803F0F44, 0x60000000
0x803F0F4C, 0xBE300000
0x803F0F34, 0x60000000
0x803F0F3C, 0x60000000
0x803F0F44, 0x60000000
0x803F0F4C, 0x60000000
0x803F0F4C, 0xBE300000
0x803F0F34, 0x3E008033
0x803F0F3C, 0x62106734
0x803F0F44, 0x3FA04558
0x803F0F4C, 0x63BD5431
0x803F0F34, 0x3FC00000
0x803F0F3C, 0x63DE0008
0x803F0F44, 0x3FE00000
0x803F0F4C, 0x63FF0000
0x803F0F34, 0x60000000
0x803F0F3C, 0x60000000
0x803F0F44, 0x60000000
0x803F0F4C, 0xBFB00000
0x803F0F34, 0x60000000
0x803F0F3C, 0x60000000
0x803F0F44, 0x60000000
0x803F0F4C, 0x60000000
0x803F0F4C, 0xBFB00000
