0x803F0F34, 0x3DC04822
0x803F0F3C, 0x61CE75E8
0x803F0F44, 0x3DE08011
0x803F0F4C, 0x91CFCA18
0x803F0F34, 0x3DC04825
0x803F0F3C, 0x61CE8B74
0x803F0F44, 0x3DE0800E
0x803F0F4C, 0x91CFB4A4
0x803F0F34, 0x3DC03EA0
0x803F0F3C, 0x61CE41A0
0x803F0F44, 0x3DE08033
0x803F0F4C, 0x91CF4000
0x803F0F34, 0x3DC092A4
0x803F0F3C, 0x61CE0214
0x803F0F44, 0x3DE08033
0x803F0F4C, 0x91CF4004
0x803F0F34, 0x3DC092A4
0x803F0F3C, 0x61CE0218
0x803F0F44, 0x3DE08033
0x803F0F4C, 0x91CF4008
0x803F0F34, 0x3DC092A4
0x803F0F3C, 0x61CE021C
0x803F0F44, 0x3DE08033
0x803F0F4C, 0x91CF400C
0x803F0F34, 0x3DC0801F
0x803F0F3C, 0x61CE3190
0x803F0F44, 0x3DE08033
0x803F0F4C, 0x91CF4010
0x803F0F34, 0x3DC04BDD
0x803F0F3C, 0x61CE8A08
0x803F0F44, 0x3DE08033
0x803F0F4C, 0x91CF4014
0x803F0F34, 0x3DC02C1E
0x803F0F3C, 0x61CE0000
0x803F0F44, 0x3DE08033
0x803F0F4C, 0x91CF4018
0x803F0F34, 0x3DC04182
0x803F0F3C, 0x61CE0028
0x803F0F44, 0x3DE08033
0x803F0F4C, 0x91CF401C
0x803F0F34, 0x3DC0A2BE
0x803F0F3C, 0x61CE0214
0x803F0F44, 0x3DE08033
0x803F0F4C, 0x91CF4020
0x803F0F34, 0x3DC02C15
0x803F0F3C, 0x61CE41A0
0x803F0F44, 0x3DE08033
0x803F0F4C, 0x91CF4024
0x803F0F34, 0x3DC04182
0x803F0F3C, 0x61CE000C
0x803F0F44, 0x3DE08033
0x803F0F4C, 0x91CF4028
0x803F0F34, 0x3DC0C022
0x803F0F3C, 0x61CE9B30
0x803F0F44, 0x3DE08033
0x803F0F4C, 0x91CF402C
0x803F0F34, 0x3DC04BDA
0x803F0F3C, 0x61CE7478
0x803F0F44, 0x3DE08033
0x803F0F4C, 0x91CF4030
0x803F0F34, 0x3DC03EA0
0x803F0F3C, 0x61CE8033
0x803F0F44, 0x3DE08033
0x803F0F4C, 0x91CF4034
0x803F0F34, 0x3DC062B5
0x803F0F3C, 0x61CE4048
0x803F0F44, 0x3DE08033
0x803F0F4C, 0x91CF4038
0x803F0F34, 0x3DC0C035
0x803F0F3C, 0x61CE0000
0x803F0F44, 0x3DE08033
0x803F0F4C, 0x91CF403C
0x803F0F34, 0x3DC04BDA
0x803F0F3C, 0x61CE7468
0x803F0F44, 0x3DE08033
0x803F0F4C, 0x91CF4040
0x803F0F34, 0x3DC04BFF
0x803F0F3C, 0x61CEFFE8
0x803F0F44, 0x3DE08033
0x803F0F4C, 0x91CF4044
0x803F0F34, 0x60000000
0x803F0F3C, 0x39C06700
0x803F0F44, 0x3DE08033
0x803F0F4C, 0xB1CF4048
0x803F0F34, 0x60000000
0x803F0F3C, 0x39C03E3C
0x803F0F44, 0x3DE0803C
0x803F0F4C, 0xB1CF4C16
0x803F0F34, 0x60000000
0x803F0F3C, 0x39C00028
0x803F0F44, 0x3DE0803C
0x803F0F4C, 0x99CF4C18
0x803F0F34, 0x60000000
0x803F0F3C, 0x39C00002
0x803F0F44, 0x3DE0803C
0x803F0F4C, 0x99CF4C1A
0x803F0F34, 0x60000000
0x803F0F3C, 0x39C00020
0x803F0F44, 0x3DE0803C
0x803F0F4C, 0x99CF4C1B
0x803F0F34, 0x60000000
0x803F0F3C, 0x39C00020
0x803F0F44, 0x3DE0803C
0x803F0F4C, 0x99CF4C1C
0x803F0F34, 0x3DC02078
0x803F0F3C, 0x61CE2225
0x803F0F44, 0x3DE0803C
0x803F0F4C, 0x91CF4C44
0x803F0F34, 0x3DC0242D
0x803F0F3C, 0x61CE3421
0x803F0F44, 0x3DE0803C
0x803F0F4C, 0x91CF4C48
0x803F0F34, 0x3DC026FF
0x803F0F3C, 0x61CE2A2C
0x803F0F44, 0x3DE0803C
0x803F0F4C, 0x91CF4C4C
0x803F0F34, 0x3DC036FF
0x803F0F3C, 0x61CE5558
0x803F0F44, 0x3DE0803C
0x803F0F4C, 0x91CF4C50
0x803F0F34, 0x3DC05050
0x803F0F3C, 0x61CE302F
0x803F0F44, 0x3DE0803C
0x803F0F4C, 0x91CF4C54
0x803F0F34, 0x60000000
0x803F0F3C, 0x39C00033
0x803F0F44, 0x3DE0803C
0x803F0F4C, 0x99CF4C58
0x803F0F34, 0x60000000
0x803F0F3C, 0x39C00063
0x803F0F44, 0x3DE0803C
0x803F0F4C, 0x99CF4C71
0x803F0F34, 0x60000000
0x803F0F3C, 0x39C00063
0x803F0F44, 0x3DE0803C
0x803F0F4C, 0x99CF4C72
0x803F0F34, 0x60000000
0x803F0F3C, 0x39C00063
0x803F0F44, 0x3DE0803C
0x803F0F4C, 0x99CF4C77
0x803F0F34, 0x60000000
0x803F0F3C, 0x39C00063
0x803F0F44, 0x3DE0803C
0x803F0F4C, 0x99CF4C78
0x803F0F34, 0x3DC00F03
0x803F0F3C, 0x61CE0103
0x803F0F44, 0x3DE0803C
0x803F0F4C, 0x91CF4CBC
0x803F0F34, 0x60000000
0x803F0F3C, 0x39C00003
0x803F0F44, 0x3DE0803C
0x803F0F4C, 0x99CF4CC0
0x803F0F34, 0x60000000
0x803F0F3C, 0x39C0003F
0x803F0F44, 0x3DE0803C
0x803F0F4C, 0x99CF4CC5
0x803F0F34, 0x60000000
0x803F0F3C, 0x39C00006
0x803F0F44, 0x3DE0803C
0x803F0F4C, 0x99CF4CC7
0x803F0F34, 0x3DC00303
0x803F0F3C, 0x61CE0303
0x803F0F44, 0x3DE0803C
0x803F0F4C, 0x91CF4D0C
0x803F0F34, 0x3DC00303
0x803F0F3C, 0x61CE0303
0x803F0F44, 0x3DE0803C
0x803F0F4C, 0x91CF4D10
0x803F0F34, 0x3DC00303
0x803F0F3C, 0x61CE0303
0x803F0F44, 0x3DE0803C
0x803F0F4C, 0x91CF4D14
0x803F0F34, 0x3DC00303
0x803F0F3C, 0x61CE0303
0x803F0F44, 0x3DE0803C
0x803F0F4C, 0x91CF4D18
0x803F0F34, 0x3DC00303
0x803F0F3C, 0x61CE0303
0x803F0F44, 0x3DE0803C
0x803F0F4C, 0x91CF4D1C
0x803F0F34, 0x3DC00303
0x803F0F3C, 0x61CE0303
0x803F0F44, 0x3DE0803C
0x803F0F4C, 0x91CF4D20
0x803F0F34, 0x3DC00303
0x803F0F3C, 0x61CE0303
0x803F0F44, 0x3DE0803C
0x803F0F4C, 0x91CF4D24
0x803F0F34, 0x3DC00303
0x803F0F3C, 0x61CE0303
0x803F0F44, 0x3DE0803C
0x803F0F4C, 0x91CF4D28
0x803F0F34, 0x3DC00303
0x803F0F3C, 0x61CE0303
0x803F0F44, 0x3DE0803C
0x803F0F4C, 0x91CF4D2C
0x803F0F34, 0x3DC00303
0x803F0F3C, 0x61CE0303
0x803F0F44, 0x3DE0803C
0x803F0F4C, 0x91CF4D30
0x803F0F34, 0x3DC00303
0x803F0F3C, 0x61CE0303
0x803F0F44, 0x3DE0803C
0x803F0F4C, 0x91CF4D34
0x803F0F34, 0x3DC00303
0x803F0F3C, 0x61CE0303
0x803F0F44, 0x3DE0803C
0x803F0F4C, 0x91CF4D38
0x803F0F34, 0x60000000
0x803F0F3C, 0x39C00003
0x803F0F44, 0x3DE0803C
0x803F0F4C, 0x99CF4D3C
0x803F0F34, 0x60000000
0x803F0F3C, 0x39C0000A
0x803F0F44, 0x3DE0803C
0x803F0F4C, 0x99CF5235
0x803F0F34, 0x60000000
0x803F0F3C, 0x39C01388
0x803F0F44, 0x3DE0803D
0x803F0F4C, 0xB1CFA768
0x803F0F34, 0x60000000
0x803F0F3C, 0x39C00044
0x803F0F44, 0x3DE0803D
0x803F0F4C, 0xB1CFA77E
0x803F0F34, 0x3DC04826
0x803F0F3C, 0x61CEDFB5
0x803F0F44, 0x3DE0800C
0x803F0F4C, 0x91CF354C
0x803F0F34, 0x3DC03880
0x803F0F3C, 0x61CE002B
0x803F0F44, 0x3DE08033
0x803F0F4C, 0x91CF1500
0x803F0F34, 0x3DC03DE0
0x803F0F3C, 0x61CE803C
0x803F0F44, 0x3DE08033
0x803F0F4C, 0x91CF1504
0x803F0F34, 0x3DC0988F
0x803F0F3C, 0x61CE4C4D
0x803F0F44, 0x3DE08033
0x803F0F4C, 0x91CF1508
0x803F0F34, 0x3DC039C0
0x803F0F3C, 0x61CE0001
0x803F0F44, 0x3DE08033
0x803F0F4C, 0x91CF150C
0x803F0F34, 0x3DC0B1CF
0x803F0F3C, 0x61CE4C30
0x803F0F44, 0x3DE08033
0x803F0F4C, 0x91CF1510
0x803F0F34, 0x3DC039C0
0x803F0F3C, 0x61CE009F
0x803F0F44, 0x3DE08033
0x803F0F4C, 0x91CF1514
0x803F0F34, 0x3DC099CF
0x803F0F3C, 0x61CE5236
0x803F0F44, 0x3DE08033
0x803F0F4C, 0x91CF1518
0x803F0F34, 0x3DC04E80
0x803F0F3C, 0x61CE0020
0x803F0F44, 0x3DE08033
0x803F0F4C, 0x91CF151C
0x803F0F34, 0x3DC0482D
0x803F0F3C, 0x61CED660
0x803F0F44, 0x3DE08005
0x803F0F4C, 0x91CF3884
0x803F0F34, 0x3DC03DC0
0x803F0F3C, 0x61CE803F
0x803F0F44, 0x3DE08033
0x803F0F4C, 0x91CF0EE4
0x803F0F34, 0x3DC0A1EE
0x803F0F3C, 0x61CED84A
0x803F0F44, 0x3DE08033
0x803F0F4C, 0x91CF0EE8
0x803F0F34, 0x3DC03A00
0x803F0F3C, 0x61CE0800
0x803F0F44, 0x3DE08033
0x803F0F4C, 0x91CF0EEC
0x803F0F34, 0x3DC07DF1
0x803F0F3C, 0x61CE8039
0x803F0F44, 0x3DE08033
0x803F0F4C, 0x91CF0EF0
0x803F0F34, 0x3DC04182
0x803F0F3C, 0x61CE0010
0x803F0F44, 0x3DE08033
0x803F0F4C, 0x91CF0EF4
0x803F0F34, 0x3DC03E40
0x803F0F3C, 0x61CE8039
0x803F0F44, 0x3DE08033
0x803F0F4C, 0x91CF0EF8
0x803F0F34, 0x3DC06252
0x803F0F3C, 0x61CE40A0
0x803F0F44, 0x3DE08033
0x803F0F4C, 0x91CF0EFC
0x803F0F34, 0x3DC04800
0x803F0F3C, 0x61CE0018
0x803F0F44, 0x3DE08033
0x803F0F4C, 0x91CF0F00
0x803F0F34, 0x3DC03A00
0x803F0F3C, 0x61CE1000
0x803F0F44, 0x3DE08033
0x803F0F4C, 0x91CF0F04
0x803F0F34, 0x3DC07DF1
0x803F0F3C, 0x61CE8039
0x803F0F44, 0x3DE08033
0x803F0F4C, 0x91CF0F08
0x803F0F34, 0x3DC04182
0x803F0F3C, 0x61CE0014
0x803F0F44, 0x3DE08033
0x803F0F4C, 0x91CF0F0C
0x803F0F34, 0x3DC03E40
0x803F0F3C, 0x61CE8039
0x803F0F44, 0x3DE08033
0x803F0F4C, 0x91CF0F10
0x803F0F34, 0x3DC06252
0x803F0F3C, 0x61CE4BC4
0x803F0F44, 0x3DE08033
0x803F0F4C, 0x91CF0F14
0x803F0F34, 0x3DC03E60
0x803F0F3C, 0x61CE80AE
0x803F0F44, 0x3DE08033
0x803F0F4C, 0x91CF0F18
0x803F0F34, 0x3DC09253
0x803F0F3C, 0x61CED334
0x803F0F44, 0x3DE08033
0x803F0F4C, 0x91CF0F1C
0x803F0F34, 0x3DC03821
0x803F0F3C, 0x61CE0020
0x803F0F44, 0x3DE08033
0x803F0F4C, 0x91CF0F20
0x803F0F34, 0x3DC04BD2
0x803F0F3C, 0x61CE2964
0x803F0F44, 0x3DE08033
0x803F0F4C, 0x91CF0F24
0x803F0F34, 0x3DC04830
0x803F0F3C, 0x61CEAD81
0x803F0F44, 0x3DE08002
0x803F0F4C, 0x91CF6200
0x803F0F34, 0x3DC07C9B
0x803F0F3C, 0x61CE2379
0x803F0F44, 0x3DE08033
0x803F0F4C, 0x91CF0F74
0x803F0F34, 0x3DC04BCF
0x803F0F3C, 0x61CE528C
0x803F0F44, 0x3DE08033
0x803F0F4C, 0x91CF0F78
0x803F0F34, 0x3DC02C04
0x803F0F3C, 0x61CE0007
0x803F0F44, 0x3DE08033
0x803F0F4C, 0x91CF0F80
0x803F0F34, 0x3DC04082
0x803F0F3C, 0x61CE000C
0x803F0F44, 0x3DE08033
0x803F0F4C, 0x91CF0F84
0x803F0F34, 0x3DC03880
0x803F0F3C, 0x61CE00DB
0x803F0F44, 0x3DE08033
0x803F0F4C, 0x91CF0F88
0x803F0F34, 0x3DC04BFF
0x803F0F3C, 0x61CEFFE8
0x803F0F44, 0x3DE08033
0x803F0F4C, 0x91CF0F8C
0x803F0F34, 0x3DC02C04
0x803F0F3C, 0x61CE0005
0x803F0F44, 0x3DE08033
0x803F0F4C, 0x91CF0F90
0x803F0F34, 0x3DC04082
0x803F0F3C, 0x61CE000C
0x803F0F44, 0x3DE08033
0x803F0F4C, 0x91CF0F94
0x803F0F34, 0x3DC04800
0x803F0F3C, 0x61CE0569
0x803F0F44, 0x3DE08033
0x803F0F4C, 0x91CF0F98
0x803F0F34, 0x3DC04BFF
0x803F0F3C, 0x61CEFFD8
0x803F0F44, 0x3DE08033
0x803F0F4C, 0x91CF0F9C
0x803F0F34, 0x3DC02C04
0x803F0F3C, 0x61CE0006
0x803F0F44, 0x3DE08033
0x803F0F4C, 0x91CF0FA0
0x803F0F34, 0x3DC04082
0x803F0F3C, 0x61CE0008
0x803F0F44, 0x3DE08033
0x803F0F4C, 0x91CF0FA4
0x803F0F34, 0x3DC03880
0x803F0F3C, 0x61CE0031
0x803F0F44, 0x3DE08033
0x803F0F4C, 0x91CF0FA8
0x803F0F34, 0x3DC04BFF
0x803F0F3C, 0x61CEFFC8
0x803F0F44, 0x3DE08033
0x803F0F4C, 0x91CF0FAC
0x803F0F34, 0x3DC0482D
0x803F0F3C, 0x61CED778
0x803F0F44, 0x3DE08005
0x803F0F4C, 0x91CF3888
0x803F0F34, 0x3DC03C60
0x803F0F3C, 0x61CE803C
0x803F0F44, 0x3DE08033
0x803F0F4C, 0x91CF1000
0x803F0F34, 0x3DC06063
0x803F0F3C, 0x61CE9D48
0x803F0F44, 0x3DE08033
0x803F0F4C, 0x91CF1004
0x803F0F34, 0x3DC08883
0x803F0F3C, 0x61CE0000
0x803F0F44, 0x3DE08033
0x803F0F4C, 0x91CF1008
0x803F0F34, 0x3DC02C04
0x803F0F3C, 0x61CE0050
0x803F0F44, 0x3DE08033
0x803F0F4C, 0x91CF100C
0x803F0F34, 0x3DC04082
0x803F0F3C, 0x61CE0034
0x803F0F44, 0x3DE08033
0x803F0F4C, 0x91CF1010
0x803F0F34, 0x3DC08883
0x803F0F3C, 0x61CE0001
0x803F0F44, 0x3DE08033
0x803F0F4C, 0x91CF1014
0x803F0F34, 0x3DC02C04
0x803F0F3C, 0x61CE0053
0x803F0F44, 0x3DE08033
0x803F0F4C, 0x91CF1018
0x803F0F34, 0x3DC04082
0x803F0F3C, 0x61CE0028
0x803F0F44, 0x3DE08033
0x803F0F4C, 0x91CF101C
0x803F0F34, 0x3DC08883
0x803F0F3C, 0x61CE0002
0x803F0F44, 0x3DE08033
0x803F0F4C, 0x91CF1020
0x803F0F34, 0x3DC02C04
0x803F0F3C, 0x61CE0068
0x803F0F44, 0x3DE08033
0x803F0F4C, 0x91CF1024
0x803F0F34, 0x3DC04082
0x803F0F3C, 0x61CE001C
0x803F0F44, 0x3DE08033
0x803F0F4C, 0x91CF1028
0x803F0F34, 0x3DC08883
0x803F0F3C, 0x61CE0003
0x803F0F44, 0x3DE08033
0x803F0F4C, 0x91CF102C
0x803F0F34, 0x3DC02C04
0x803F0F3C, 0x61CE0069
0x803F0F44, 0x3DE08033
0x803F0F4C, 0x91CF1030
0x803F0F34, 0x3DC04082
0x803F0F3C, 0x61CE0010
0x803F0F44, 0x3DE08033
0x803F0F4C, 0x91CF1034
0x803F0F34, 0x3DC08883
0x803F0F3C, 0x61CE0004
0x803F0F44, 0x3DE08033
0x803F0F4C, 0x91CF1038
0x803F0F34, 0x3DC02C04
0x803F0F3C, 0x61CE0070
0x803F0F44, 0x3DE08033
0x803F0F4C, 0x91CF103C
0x803F0F34, 0x3DC04182
0x803F0F3C, 0x61CE004C
0x803F0F44, 0x3DE08033
0x803F0F4C, 0x91CF1040
0x803F0F34, 0x3DC08883
0x803F0F3C, 0x61CE0000
0x803F0F44, 0x3DE08033
0x803F0F4C, 0x91CF1044
0x803F0F34, 0x3DC02C04
0x803F0F3C, 0x61CE0073
0x803F0F44, 0x3DE08033
0x803F0F4C, 0x91CF1048
0x803F0F34, 0x3DC04082
0x803F0F3C, 0x61CE00D4
0x803F0F44, 0x3DE08033
0x803F0F4C, 0x91CF104C
0x803F0F34, 0x3DC08883
0x803F0F3C, 0x61CE0001
0x803F0F44, 0x3DE08033
0x803F0F4C, 0x91CF1050
0x803F0F34, 0x3DC02C04
0x803F0F3C, 0x61CE0065
0x803F0F44, 0x3DE08033
0x803F0F4C, 0x91CF1054
0x803F0F34, 0x3DC04082
0x803F0F3C, 0x61CE00C8
0x803F0F44, 0x3DE08033
0x803F0F4C, 0x91CF1058
0x803F0F34, 0x3DC08883
0x803F0F3C, 0x61CE0002
0x803F0F44, 0x3DE08033
0x803F0F4C, 0x91CF105C
0x803F0F34, 0x3DC02C04
0x803F0F3C, 0x61CE0061
0x803F0F44, 0x3DE08033
0x803F0F4C, 0x91CF1060
0x803F0F34, 0x3DC04082
0x803F0F3C, 0x61CE00BC
0x803F0F44, 0x3DE08033
0x803F0F4C, 0x91CF1064
0x803F0F34, 0x3DC08883
0x803F0F3C, 0x61CE0003
0x803F0F44, 0x3DE08033
0x803F0F4C, 0x91CF1068
0x803F0F34, 0x3DC02C04
0x803F0F3C, 0x61CE0000
0x803F0F44, 0x3DE08033
0x803F0F4C, 0x91CF106C
0x803F0F34, 0x3DC04082
0x803F0F3C, 0x61CE00B0
0x803F0F44, 0x3DE08033
0x803F0F4C, 0x91CF1070
0x803F0F34, 0x3DC08883
0x803F0F3C, 0x61CE0004
0x803F0F44, 0x3DE08033
0x803F0F4C, 0x91CF1074
0x803F0F34, 0x3DC02C04
0x803F0F3C, 0x61CE0034
0x803F0F44, 0x3DE08033
0x803F0F4C, 0x91CF1078
0x803F0F34, 0x3DC04082
0x803F0F3C, 0x61CE00A4
0x803F0F44, 0x3DE08033
0x803F0F4C, 0x91CF107C
0x803F0F34, 0x3DC08883
0x803F0F3C, 0x61CE0005
0x803F0F44, 0x3DE08033
0x803F0F4C, 0x91CF1080
0x803F0F34, 0x3DC02C04
0x803F0F3C, 0x61CE0035
0x803F0F44, 0x3DE08033
0x803F0F4C, 0x91CF1084
0x803F0F34, 0x3DC04182
0x803F0F3C, 0x61CE0044
0x803F0F44, 0x3DE08033
0x803F0F4C, 0x91CF1088
0x803F0F34, 0x3DC03C80
0x803F0F3C, 0x61CE5375
0x803F0F44, 0x3DE08033
0x803F0F4C, 0x91CF108C
0x803F0F34, 0x3DC06084
0x803F0F3C, 0x61CE6244
0x803F0F44, 0x3DE08033
0x803F0F4C, 0x91CF1090
0x803F0F34, 0x3DC09083
0x803F0F3C, 0x61CE0000
0x803F0F44, 0x3DE08033
0x803F0F4C, 0x91CF1094
0x803F0F34, 0x3DC03880
0x803F0F3C, 0x61CE0034
0x803F0F44, 0x3DE08033
0x803F0F4C, 0x91CF1098
0x803F0F34, 0x3DC09883
0x803F0F3C, 0x61CE0004
0x803F0F44, 0x3DE08033
0x803F0F4C, 0x91CF109C
0x803F0F34, 0x3DC03880
0x803F0F3C, 0x61CE0035
0x803F0F44, 0x3DE08033
0x803F0F4C, 0x91CF10A0
0x803F0F34, 0x3DC09883
0x803F0F3C, 0x61CE0005
0x803F0F44, 0x3DE08033
0x803F0F4C, 0x91CF10A4
0x803F0F34, 0x3DC03880
0x803F0F3C, 0x61CE0000
0x803F0F44, 0x3DE08033
0x803F0F4C, 0x91CF10A8
0x803F0F34, 0x3DC09883
0x803F0F3C, 0x61CE0006
0x803F0F44, 0x3DE08033
0x803F0F4C, 0x91CF10AC
0x803F0F34, 0x3DC03CA0
0x803F0F3C, 0x61CE8033
0x803F0F44, 0x3DE08033
0x803F0F4C, 0x91CF10B0
0x803F0F34, 0x3DC08885
0x803F0F3C, 0x61CE10C8
0x803F0F44, 0x3DE08033
0x803F0F4C, 0x91CF10B4
0x803F0F34, 0x3DC09883
0x803F0F3C, 0x61CE000A
0x803F0F44, 0x3DE08033
0x803F0F4C, 0x91CF10B8
0x803F0F34, 0x3DC03884
0x803F0F3C, 0x61CE0001
0x803F0F44, 0x3DE08033
0x803F0F4C, 0x91CF10BC
0x803F0F34, 0x3DC09885
0x803F0F3C, 0x61CE10C8
0x803F0F44, 0x3DE08033
0x803F0F4C, 0x91CF10C0
0x803F0F34, 0x3DC04E80
0x803F0F3C, 0x61CE0020
0x803F0F44, 0x3DE08033
0x803F0F4C, 0x91CF10C4
0x803F0F34, 0x60000000
0x803F0F3C, 0x39C00000
0x803F0F44, 0x3DE08033
0x803F0F4C, 0x99CF10C8
0x803F0F34, 0x3DC03E20
0x803F0F3C, 0x61CE803C
0x803F0F44, 0x3DE08033
0x803F0F4C, 0x91CF10CC
0x803F0F34, 0x3DC06231
0x803F0F3C, 0x61CE52B4
0x803F0F44, 0x3DE08033
0x803F0F4C, 0x91CF10D0
0x803F0F34, 0x3DC03A40
0x803F0F3C, 0x61CE0000
0x803F0F44, 0x3DE08033
0x803F0F4C, 0x91CF10D4
0x803F0F34, 0x3DC09A51
0x803F0F3C, 0x61CE0000
0x803F0F44, 0x3DE08033
0x803F0F4C, 0x91CF10D8
0x803F0F34, 0x3DC03E20
0x803F0F3C, 0x61CE803C
0x803F0F44, 0x3DE08033
0x803F0F4C, 0x91CF10DC
0x803F0F34, 0x3DC06231
0x803F0F3C, 0x61CE4C51
0x803F0F44, 0x3DE08033
0x803F0F4C, 0x91CF10E0
0x803F0F34, 0x3DC08A51
0x803F0F3C, 0x61CE0000
0x803F0F44, 0x3DE08033
0x803F0F4C, 0x91CF10E4
0x803F0F34, 0x3DC02C12
0x803F0F3C, 0x61CE0031
0x803F0F44, 0x3DE08033
0x803F0F4C, 0x91CF10E8
0x803F0F34, 0x3DC04082
0x803F0F3C, 0x61CE009C
0x803F0F44, 0x3DE08033
0x803F0F4C, 0x91CF10EC
0x803F0F34, 0x3DC03C80
0x803F0F3C, 0x61CE4D5F
0x803F0F44, 0x3DE08033
0x803F0F4C, 0x91CF10F0
0x803F0F34, 0x3DC06084
0x803F0F3C, 0x61CE4461
0x803F0F44, 0x3DE08033
0x803F0F4C, 0x91CF10F4
0x803F0F34, 0x3DC09083
0x803F0F3C, 0x61CE0000
0x803F0F44, 0x3DE08033
0x803F0F4C, 0x91CF10F8
0x803F0F34, 0x3DC03880
0x803F0F3C, 0x61CE0069
0x803F0F44, 0x3DE08033
0x803F0F4C, 0x91CF10FC
0x803F0F34, 0x3DC09883
0x803F0F3C, 0x61CE0004
0x803F0F44, 0x3DE08033
0x803F0F4C, 0x91CF1100
0x803F0F34, 0x3DC03880
0x803F0F3C, 0x61CE0042
0x803F0F44, 0x3DE08033
0x803F0F4C, 0x91CF1104
0x803F0F34, 0x3DC09883
0x803F0F3C, 0x61CE0005
0x803F0F44, 0x3DE08033
0x803F0F4C, 0x91CF1108
0x803F0F34, 0x3DC03880
0x803F0F3C, 0x61CE0000
0x803F0F44, 0x3DE08033
0x803F0F4C, 0x91CF110C
0x803F0F34, 0x3DC09883
0x803F0F3C, 0x61CE0006
0x803F0F44, 0x3DE08033
0x803F0F4C, 0x91CF1110
0x803F0F34, 0x3DC03880
0x803F0F3C, 0x61CE0001
0x803F0F44, 0x3DE08033
0x803F0F4C, 0x91CF1114
0x803F0F34, 0x3DC09883
0x803F0F3C, 0x61CE0009
0x803F0F44, 0x3DE08033
0x803F0F4C, 0x91CF1118
0x803F0F34, 0x3DC04E80
0x803F0F3C, 0x61CE0020
0x803F0F44, 0x3DE08033
0x803F0F4C, 0x91CF111C
0x803F0F34, 0x3DC08883
0x803F0F3C, 0x61CE0000
0x803F0F44, 0x3DE08033
0x803F0F4C, 0x91CF1120
0x803F0F34, 0x3DC02C04
0x803F0F3C, 0x61CE0073
0x803F0F44, 0x3DE08033
0x803F0F4C, 0x91CF1124
0x803F0F34, 0x3DC04082
0x803F0F3C, 0x61CEFF9C
0x803F0F44, 0x3DE08033
0x803F0F4C, 0x91CF1128
0x803F0F34, 0x3DC08883
0x803F0F3C, 0x61CE0001
0x803F0F44, 0x3DE08033
0x803F0F4C, 0x91CF112C
0x803F0F34, 0x3DC02C04
0x803F0F3C, 0x61CE0065
0x803F0F44, 0x3DE08033
0x803F0F4C, 0x91CF1130
0x803F0F34, 0x3DC04082
0x803F0F3C, 0x61CEFF90
0x803F0F44, 0x3DE08033
0x803F0F4C, 0x91CF1134
0x803F0F34, 0x3DC08883
0x803F0F3C, 0x61CE0002
0x803F0F44, 0x3DE08033
0x803F0F4C, 0x91CF1138
0x803F0F34, 0x3DC02C04
0x803F0F3C, 0x61CE0061
0x803F0F44, 0x3DE08033
0x803F0F4C, 0x91CF113C
0x803F0F34, 0x3DC04082
0x803F0F3C, 0x61CEFF84
0x803F0F44, 0x3DE08033
0x803F0F4C, 0x91CF1140
0x803F0F34, 0x3DC08883
0x803F0F3C, 0x61CE0003
0x803F0F44, 0x3DE08033
0x803F0F4C, 0x91CF1144
0x803F0F34, 0x3DC02C04
0x803F0F3C, 0x61CE0000
0x803F0F44, 0x3DE08033
0x803F0F4C, 0x91CF1148
0x803F0F34, 0x3DC04082
0x803F0F3C, 0x61CEFF78
0x803F0F44, 0x3DE08033
0x803F0F4C, 0x91CF114C
0x803F0F34, 0x3DC08883
0x803F0F3C, 0x61CE0004
0x803F0F44, 0x3DE08033
0x803F0F4C, 0x91CF1150
0x803F0F34, 0x3DC02C04
0x803F0F3C, 0x61CE0069
0x803F0F44, 0x3DE08033
0x803F0F4C, 0x91CF1154
0x803F0F34, 0x3DC04082
0x803F0F3C, 0x61CEFF6C
0x803F0F44, 0x3DE08033
0x803F0F4C, 0x91CF1158
0x803F0F34, 0x3DC08883
0x803F0F3C, 0x61CE0005
0x803F0F44, 0x3DE08033
0x803F0F4C, 0x91CF115C
0x803F0F34, 0x3DC02C04
0x803F0F3C, 0x61CE0042
0x803F0F44, 0x3DE08033
0x803F0F4C, 0x91CF1160
0x803F0F34, 0x3DC04182
0x803F0F3C, 0x61CE0004
0x803F0F44, 0x3DE08033
0x803F0F4C, 0x91CF1164
0x803F0F34, 0x3DC03C80
0x803F0F3C, 0x61CE7469
0x803F0F44, 0x3DE08033
0x803F0F4C, 0x91CF1168
0x803F0F34, 0x3DC06084
0x803F0F3C, 0x61CE6E63
0x803F0F44, 0x3DE08033
0x803F0F4C, 0x91CF116C
0x803F0F34, 0x3DC09083
0x803F0F3C, 0x61CE0000
0x803F0F44, 0x3DE08033
0x803F0F4C, 0x91CF1170
0x803F0F34, 0x3DC03880
0x803F0F3C, 0x61CE6C65
0x803F0F44, 0x3DE08033
0x803F0F4C, 0x91CF1174
0x803F0F34, 0x3DC0B083
0x803F0F3C, 0x61CE0004
0x803F0F44, 0x3DE08033
0x803F0F4C, 0x91CF1178
0x803F0F34, 0x3DC03880
0x803F0F3C, 0x61CE0000
0x803F0F44, 0x3DE08033
0x803F0F4C, 0x91CF117C
0x803F0F34, 0x3DC0B083
0x803F0F3C, 0x61CE0009
0x803F0F44, 0x3DE08033
0x803F0F4C, 0x91CF1180
0x803F0F34, 0x3DC04E80
0x803F0F3C, 0x61CE0020
0x803F0F44, 0x3DE08033
0x803F0F4C, 0x91CF1184
0x803F0F34, 0x3DC03A80
0x803F0F3C, 0x61CE0064
0x803F0F44, 0x3DE08033
0x803F0F4C, 0x91CF1188
0x803F0F34, 0x3DC09A83
0x803F0F3C, 0x61CE0009
0x803F0F44, 0x3DE08033
0x803F0F4C, 0x91CF118C
0x803F0F34, 0x3DC03A80
0x803F0F3C, 0x61CE0001
0x803F0F44, 0x3DE08033
0x803F0F4C, 0x91CF1190
0x803F0F34, 0x3DC09A83
0x803F0F3C, 0x61CE000A
0x803F0F44, 0x3DE08033
0x803F0F4C, 0x91CF1194
0x803F0F34, 0x3DC04E80
0x803F0F3C, 0x61CE0020
0x803F0F44, 0x3DE08033
0x803F0F4C, 0x91CF1198
0x803F0F34, 0x60000000
0x803F0F3C, 0x39C00080
0x803F0F44, 0x3DE0803C
0x803F0F4C, 0x99CF523B
0x803F0F34, 0x60000000
0x803F0F3C, 0x39C0000B
0x803F0F44, 0x3DE0803C
0x803F0F4C, 0x99CF5235
0x803F0F34, 0x60000000
0x803F0F3C, 0x39C00080
0x803F0F44, 0x3DE0803C
0x803F0F4C, 0x99CF5245
0x803F0F34, 0x60000000
0x803F0F3C, 0x39C0009C
0x803F0F44, 0x3DE0803C
0x803F0F4C, 0x99CF5236
0x803F0F34, 0x60000000
0x803F0F3C, 0x39C00002
0x803F0F44, 0x3DE0803C
0x803F0F4C, 0x99CF524B
0x803F0F34, 0x60000000
0x803F0F3C, 0x39C0008A
0x803F0F44, 0x3DE0803C
0x803F0F4C, 0x99CF5256
0x803F0F34, 0x60000000
0x803F0F3C, 0x39C00020
0x803F0F44, 0x3DE0803C
0x803F0F4C, 0x99CF525B
0x803F0F34, 0x60000000
0x803F0F3C, 0x39C00001
0x803F0F44, 0x3DE0803C
0x803F0F4C, 0x99CF5259
0x803F0F34, 0x3DC00000
0x803F0F3C, 0x61CE0020
0x803F0F44, 0x3DE0803E
0x803F0F4C, 0x91CF5480
0x803F0F34, 0x3DC04830
0x803F0F3C, 0x61CEEAD1
0x803F0F44, 0x3DE08002
0x803F0F4C, 0x91CF4530
0x803F0F34, 0x3DC04E80
0x803F0F3C, 0x61CE0020
0x803F0F44, 0x3DE08005
0x803F0F4C, 0x91CF7AA4
0x803F0F34, 0x3DC02C03
0x803F0F3C, 0x61CE01B5
0x803F0F44, 0x3DE08033
0x803F0F4C, 0x91CF3000
0x803F0F34, 0x3DC04182
0x803F0F3C, 0x61CE000C
0x803F0F44, 0x3DE08033
0x803F0F4C, 0x91CF3004
0x803F0F34, 0x3DC07C7D
0x803F0F3C, 0x61CE1B78
0x803F0F44, 0x3DE08033
0x803F0F4C, 0x91CF3008
0x803F0F34, 0x3DC04E80
0x803F0F3C, 0x61CE0020
0x803F0F44, 0x3DE08033
0x803F0F4C, 0x91CF300C
0x803F0F34, 0x3DC03860
0x803F0F3C, 0x61CE00B3
0x803F0F44, 0x3DE08033
0x803F0F4C, 0x91CF3010
0x803F0F34, 0x3DC03C80
0x803F0F3C, 0x61CE0000
0x803F0F44, 0x3DE08033
0x803F0F4C, 0x91CF3014
0x803F0F34, 0x3DC06084
0x803F0F3C, 0x61CE0000
0x803F0F44, 0x3DE08033
0x803F0F4C, 0x91CF3018
0x803F0F34, 0x3DC03CA0
0x803F0F3C, 0x61CE8033
0x803F0F44, 0x3DE08033
0x803F0F4C, 0x91CF301C
0x803F0F34, 0x3DC060A5
0x803F0F3C, 0x61CE3028
0x803F0F44, 0x3DE08033
0x803F0F4C, 0x91CF3020
0x803F0F34, 0x3DC04BFF
0x803F0F3C, 0x61CEFFE4
0x803F0F44, 0x3DE08033
0x803F0F4C, 0x91CF3024
0x803F0F34, 0x3DC0C8AD
0x803F0F3C, 0x61CE5700
0x803F0F44, 0x3DE08033
0x803F0F4C, 0x91CF3028
0x803F0F34, 0x3DC00000
0x803F0F3C, 0x61CE0000
0x803F0F44, 0x3DE08033
0x803F0F4C, 0x91CF302C
0x803F0F34, 0x3DC0C8AD
0x803F0F3C, 0x61CE5700
0x803F0F44, 0x3DE08033
0x803F0F4C, 0x91CF3030
0x803F0F34, 0x3DC0482F
0x803F0F3C, 0x61CE21D8
0x803F0F44, 0x3DE08004
0x803F0F4C, 0x91CF0E6C
0x803F0F34, 0x3DC09421
0x803F0F3C, 0x61CEFFD0
0x803F0F44, 0x3DE08033
0x803F0F4C, 0x91CF3034
0x803F0F34, 0x3DC04BD0
0x803F0F3C, 0x61CEDE38
0x803F0F44, 0x3DE08033
0x803F0F4C, 0x91CF3038
0x803F0F34, 0x3DC03E60
0x803F0F3C, 0x61CE803C
0x803F0F44, 0x3DE08033
0x803F0F4C, 0x91CF3044
0x803F0F34, 0x3DC06273
0x803F0F3C, 0x61CE53A4
0x803F0F44, 0x3DE08033
0x803F0F4C, 0x91CF3048
0x803F0F34, 0x3DC08A53
0x803F0F3C, 0x61CE0000
0x803F0F44, 0x3DE08033
0x803F0F4C, 0x91CF304C
0x803F0F34, 0x3DC02C12
0x803F0F3C, 0x61CE0000
0x803F0F44, 0x3DE08033
0x803F0F4C, 0x91CF3050
0x803F0F34, 0x3DC04082
0x803F0F3C, 0x61CEFFE0
0x803F0F44, 0x3DE08033
0x803F0F4C, 0x91CF3054
0x803F0F34, 0x3DC03E60
0x803F0F3C, 0x61CE803C
0x803F0F44, 0x3DE08033
0x803F0F4C, 0x91CF3058
0x803F0F34, 0x3DC08A53
0x803F0F3C, 0x61CE4C4D
0x803F0F44, 0x3DE08033
0x803F0F4C, 0x91CF305C
0x803F0F34, 0x3DC02C12
0x803F0F3C, 0x61CE002B
0x803F0F44, 0x3DE08033
0x803F0F4C, 0x91CF3060
0x803F0F34, 0x3DC04082
0x803F0F3C, 0x61CEFFD0
0x803F0F44, 0x3DE08033
0x803F0F4C, 0x91CF3064
0x803F0F34, 0x3DC03E60
0x803F0F3C, 0x61CE803F
0x803F0F44, 0x3DE08033
0x803F0F4C, 0x91CF3068
0x803F0F34, 0x3DC06273
0x803F0F3C, 0x61CE6A78
0x803F0F44, 0x3DE08033
0x803F0F4C, 0x91CF306C
0x803F0F34, 0x3DC08A53
0x803F0F3C, 0x61CE0000
0x803F0F44, 0x3DE08033
0x803F0F4C, 0x91CF3070
0x803F0F34, 0x3DC02C12
0x803F0F3C, 0x61CE0000
0x803F0F44, 0x3DE08033
0x803F0F4C, 0x91CF3074
0x803F0F34, 0x3DC04082
0x803F0F3C, 0x61CEFFBC
0x803F0F44, 0x3DE08033
0x803F0F4C, 0x91CF3078
0x803F0F34, 0x3DC03E60
0x803F0F3C, 0x61CE803F
0x803F0F44, 0x3DE08033
0x803F0F4C, 0x91CF307C
0x803F0F34, 0x3DC06273
0x803F0F3C, 0x61CE6A79
0x803F0F44, 0x3DE08033
0x803F0F4C, 0x91CF3080
0x803F0F34, 0x3DC08A53
0x803F0F3C, 0x61CE0000
0x803F0F44, 0x3DE08033
0x803F0F4C, 0x91CF3084
0x803F0F34, 0x3DC02C12
0x803F0F3C, 0x61CE0001
0x803F0F44, 0x3DE08033
0x803F0F4C, 0x91CF3088
0x803F0F34, 0x3DC04082
0x803F0F3C, 0x61CEFFA8
0x803F0F44, 0x3DE08033
0x803F0F4C, 0x91CF308C
0x803F0F34, 0x3DC04E80
0x803F0F3C, 0x61CE0020
0x803F0F44, 0x3DE08033
0x803F0F4C, 0x91CF3090
0x803F0F34, 0x3DC04821
0x803F0F3C, 0x61CE7C74
0x803F0F44, 0x3DE08012
0x803F0F4C, 0x91CF98DC
0x803F0F34, 0x3DC02C1E
0x803F0F3C, 0x61CE002B
0x803F0F44, 0x3DE08033
0x803F0F4C, 0x91CF1550
0x803F0F34, 0x3DC04082
0x803F0F3C, 0x61CE0014
0x803F0F44, 0x3DE08033
0x803F0F4C, 0x91CF1554
0x803F0F34, 0x3DC03DC0
0x803F0F3C, 0x61CE8033
0x803F0F44, 0x3DE08033
0x803F0F4C, 0x91CF1558
0x803F0F34, 0x3DC089EE
0x803F0F3C, 0x61CE156F
0x803F0F44, 0x3DE08033
0x803F0F4C, 0x91CF155C
0x803F0F34, 0x3DC069EF
0x803F0F3C, 0x61CE0001
0x803F0F44, 0x3DE08033
0x803F0F4C, 0x91CF1560
0x803F0F34, 0x3DC099EE
0x803F0F3C, 0x61CE156F
0x803F0F44, 0x3DE08033
0x803F0F4C, 0x91CF1564
0x803F0F34, 0x3DC04E80
0x803F0F3C, 0x61CE0020
0x803F0F44, 0x3DE08033
0x803F0F4C, 0x91CF1568
0x803F0F34, 0x3DC00000
0x803F0F3C, 0x61CE0000
0x803F0F44, 0x3DE08033
0x803F0F4C, 0x91CF156C
0x803F0F34, 0x3DC04828
0x803F0F3C, 0x61CEE5F4
0x803F0F44, 0x3DE0800A
0x803F0F4C, 0x91CF2F7C
0x803F0F34, 0x3DC03DC0
0x803F0F3C, 0x61CE8033
0x803F0F44, 0x3DE08033
0x803F0F4C, 0x91CF1570
0x803F0F34, 0x3DC089CE
0x803F0F3C, 0x61CE156F
0x803F0F44, 0x3DE08033
0x803F0F4C, 0x91CF1574
0x803F0F34, 0x3DC02C0E
0x803F0F3C, 0x61CE0001
0x803F0F44, 0x3DE08033
0x803F0F4C, 0x91CF1578
0x803F0F34, 0x3DC04082
0x803F0F3C, 0x61CE0020
0x803F0F44, 0x3DE08033
0x803F0F4C, 0x91CF157C
0x803F0F34, 0x3DC02C07
0x803F0F3C, 0x61CE0003
0x803F0F44, 0x3DE08033
0x803F0F4C, 0x91CF1580
0x803F0F34, 0x3DC0C01E
0x803F0F3C, 0x61CEFFA0
0x803F0F44, 0x3DE08033
0x803F0F4C, 0x91CF1584
0x803F0F34, 0x3DC04082
0x803F0F3C, 0x61CE0014
0x803F0F44, 0x3DE08033
0x803F0F4C, 0x91CF1588
0x803F0F34, 0x3DC0FC16
0x803F0F3C, 0x61CEA840
0x803F0F44, 0x3DE08033
0x803F0F4C, 0x91CF158C
0x803F0F34, 0x3DC0C2DE
0x803F0F3C, 0x61CEFFA4
0x803F0F44, 0x3DE08033
0x803F0F4C, 0x91CF1590
0x803F0F34, 0x3DC04182
0x803F0F3C, 0x61CE0008
0x803F0F44, 0x3DE08033
0x803F0F4C, 0x91CF1594
0x803F0F34, 0x3DC04BD7
0x803F0F3C, 0x61CE19EC
0x803F0F44, 0x3DE08033
0x803F0F4C, 0x91CF1598
0x803F0F34, 0x3DC0C01F
0x803F0F3C, 0x61CE008C
0x803F0F44, 0x3DE08033
0x803F0F4C, 0x91CF159C
0x803F0F34, 0x3DC04BD7
0x803F0F3C, 0x61CE19E0
0x803F0F44, 0x3DE08033
0x803F0F4C, 0x91CF15A0
0x803F0F34, 0x3DC0481F
0x803F0F3C, 0x61CE4588
0x803F0F44, 0x3DE08014
0x803F0F4C, 0x91CFD020
0x803F0F34, 0x3DC00407
0x803F0F3C, 0x61CE1987
0x803F0F44, 0x3DE0803C
0x803F0F4C, 0x91CF5E44
0x803F0F34, 0x3DC03DC0
0x803F0F3C, 0x61CE8033
0x803F0F44, 0x3DE08033
0x803F0F4C, 0x91CF15A8
0x803F0F34, 0x3DC089CE
0x803F0F3C, 0x61CE156F
0x803F0F44, 0x3DE08033
0x803F0F4C, 0x91CF15AC
0x803F0F34, 0x3DC02C0E
0x803F0F3C, 0x61CE0001
0x803F0F44, 0x3DE08033
0x803F0F4C, 0x91CF15B0
0x803F0F34, 0x3DC04082
0x803F0F3C, 0x61CE0024
0x803F0F44, 0x3DE08033
0x803F0F4C, 0x91CF15B4
0x803F0F34, 0x3DC0281E
0x803F0F3C, 0x61CE5787
0x803F0F44, 0x3DE08033
0x803F0F4C, 0x91CF15B8
0x803F0F34, 0x3DC04081
0x803F0F3C, 0x61CE001C
0x803F0F44, 0x3DE08033
0x803F0F4C, 0x91CF15BC
0x803F0F34, 0x3DC0FC01
0x803F0F3C, 0x61CE0040
0x803F0F44, 0x3DE08033
0x803F0F4C, 0x91CF15C0
0x803F0F34, 0x3DC04080
0x803F0F3C, 0x61CE000C
0x803F0F44, 0x3DE08033
0x803F0F4C, 0x91CF15C4
0x803F0F34, 0x3DC0D2BE
0x803F0F3C, 0x61CEFFA0
0x803F0F44, 0x3DE08033
0x803F0F4C, 0x91CF15C8
0x803F0F34, 0x3DC04800
0x803F0F3C, 0x61CE000C
0x803F0F44, 0x3DE08033
0x803F0F4C, 0x91CF15CC
0x803F0F34, 0x3DC0C2DE
0x803F0F3C, 0x61CEFF9C
0x803F0F44, 0x3DE08033
0x803F0F4C, 0x91CF15D0
0x803F0F34, 0x3DC0D03E
0x803F0F3C, 0x61CEFFA0
0x803F0F44, 0x3DE08033
0x803F0F4C, 0x91CF15D4
0x803F0F34, 0x3DC0EC21
0x803F0F3C, 0x61CE0028
0x803F0F44, 0x3DE08033
0x803F0F4C, 0x91CF15D8
0x803F0F34, 0x3DC04BE0
0x803F0F3C, 0x61CEBA48
0x803F0F44, 0x3DE08033
0x803F0F4C, 0x91CF15DC
0x803F0F34, 0x3C608002
0x803F0F3C, 0x60634530
0x803F0F44, 0x38800004
0x803F0F4C, 0x4BC12429
0x803F0F34, 0x60000000
0x803F0F3C, 0x60000000
0x803F0F44, 0x60000000
0x803F0F4C, 0x60000000
0x803F0F34, 0x3C608002
0x803F0F3C, 0x60636200
0x803F0F44, 0x38800004
0x803F0F4C, 0x4BC12429
0x803F0F34, 0x60000000
0x803F0F3C, 0x60000000
0x803F0F44, 0x60000000
0x803F0F4C, 0x60000000
0x803F0F34, 0x3C608004
0x803F0F3C, 0x60630E6C
0x803F0F44, 0x38800004
0x803F0F4C, 0x4BC12429
0x803F0F34, 0x60000000
0x803F0F3C, 0x60000000
0x803F0F44, 0x60000000
0x803F0F4C, 0x60000000
0x803F0F34, 0x3C608005
0x803F0F3C, 0x60633884
0x803F0F44, 0x38800008
0x803F0F4C, 0x4BC12429
0x803F0F34, 0x60000000
0x803F0F3C, 0x60000000
0x803F0F44, 0x60000000
0x803F0F4C, 0x60000000
0x803F0F34, 0x3C608005
0x803F0F3C, 0x60637AA4
0x803F0F44, 0x38800004
0x803F0F4C, 0x4BC12429
0x803F0F34, 0x60000000
0x803F0F3C, 0x60000000
0x803F0F44, 0x60000000
0x803F0F4C, 0x60000000
0x803F0F34, 0x3C60800A
0x803F0F3C, 0x60632F7C
0x803F0F44, 0x38800004
0x803F0F4C, 0x4BC12429
0x803F0F34, 0x60000000
0x803F0F3C, 0x60000000
0x803F0F44, 0x60000000
0x803F0F4C, 0x60000000
0x803F0F34, 0x3C60800C
0x803F0F3C, 0x6063354C
0x803F0F44, 0x38800004
0x803F0F4C, 0x4BC12429
0x803F0F34, 0x60000000
0x803F0F3C, 0x60000000
0x803F0F44, 0x60000000
0x803F0F4C, 0x60000000
0x803F0F34, 0x3C60800D
0x803F0F3C, 0x6063B4A4
0x803F0F44, 0x38800004
0x803F0F4C, 0x4BC12429
0x803F0F34, 0x60000000
0x803F0F3C, 0x60000000
0x803F0F44, 0x60000000
0x803F0F4C, 0x60000000
0x803F0F34, 0x3C608010
0x803F0F3C, 0x6063CA18
0x803F0F44, 0x38800004
0x803F0F4C, 0x4BC12429
0x803F0F34, 0x60000000
0x803F0F3C, 0x60000000
0x803F0F44, 0x60000000
0x803F0F4C, 0x60000000
0x803F0F34, 0x3C608011
0x803F0F3C, 0x606398DC
0x803F0F44, 0x38800004
0x803F0F4C, 0x4BC12429
0x803F0F34, 0x60000000
0x803F0F3C, 0x60000000
0x803F0F44, 0x60000000
0x803F0F4C, 0x60000000
0x803F0F34, 0x3C608013
0x803F0F3C, 0x6063D020
0x803F0F44, 0x38800004
0x803F0F4C, 0x4BC12429
0x803F0F34, 0x60000000
0x803F0F3C, 0x60000000
0x803F0F44, 0x60000000
0x803F0F4C, 0x60000000
0x803F0F34, 0x3C608033
0x803F0F3C, 0x60630EE4
0x803F0F44, 0x38800044
0x803F0F4C, 0x4BC12429
0x803F0F34, 0x60000000
0x803F0F3C, 0x60000000
0x803F0F44, 0x60000000
0x803F0F4C, 0x60000000
0x803F0F34, 0x3C608033
0x803F0F3C, 0x60630F74
0x803F0F44, 0x38800008
0x803F0F4C, 0x4BC12429
0x803F0F34, 0x60000000
0x803F0F3C, 0x60000000
0x803F0F44, 0x60000000
0x803F0F4C, 0x60000000
0x803F0F34, 0x3C608033
0x803F0F3C, 0x60630F80
0x803F0F44, 0x38800030
0x803F0F4C, 0x4BC12429
0x803F0F34, 0x60000000
0x803F0F3C, 0x60000000
0x803F0F44, 0x60000000
0x803F0F4C, 0x60000000
0x803F0F34, 0x3C608033
0x803F0F3C, 0x60631000
0x803F0F44, 0x3880019C
0x803F0F4C, 0x4BC12429
0x803F0F34, 0x60000000
0x803F0F3C, 0x60000000
0x803F0F44, 0x60000000
0x803F0F4C, 0x60000000
0x803F0F34, 0x3C608033
0x803F0F3C, 0x60631500
0x803F0F44, 0x38800020
0x803F0F4C, 0x4BC12429
0x803F0F34, 0x60000000
0x803F0F3C, 0x60000000
0x803F0F44, 0x60000000
0x803F0F4C, 0x60000000
0x803F0F34, 0x3C608033
0x803F0F3C, 0x60631550
0x803F0F44, 0x38800054
0x803F0F4C, 0x4BC12429
0x803F0F34, 0x60000000
0x803F0F3C, 0x60000000
0x803F0F44, 0x60000000
0x803F0F4C, 0x60000000
0x803F0F34, 0x3C608033
0x803F0F3C, 0x606315A8
0x803F0F44, 0x38800038
0x803F0F4C, 0x4BC12429
0x803F0F34, 0x60000000
0x803F0F3C, 0x60000000
0x803F0F44, 0x60000000
0x803F0F4C, 0x60000000
0x803F0F34, 0x3C608033
0x803F0F3C, 0x60633000
0x803F0F44, 0x3880003C
0x803F0F4C, 0x4BC12429
0x803F0F34, 0x60000000
0x803F0F3C, 0x60000000
0x803F0F44, 0x60000000
0x803F0F4C, 0x60000000
0x803F0F34, 0x3C608033
0x803F0F3C, 0x60633044
0x803F0F44, 0x38800050
0x803F0F4C, 0x4BC12429
0x803F0F34, 0x60000000
0x803F0F3C, 0x60000000
0x803F0F44, 0x60000000
0x803F0F4C, 0x60000000
0x803F0F34, 0x3C608033
0x803F0F3C, 0x60634000
0x803F0F44, 0x3880004C
0x803F0F4C, 0x4BC12429
0x803F0F34, 0x60000000
0x803F0F3C, 0x60000000
0x803F0F44, 0x60000000
0x803F0F4C, 0x60000000
0x803F0F34, 0x3C60803C
0x803F0F3C, 0x60634C16
0x803F0F44, 0x38800004
0x803F0F4C, 0x4BC12429
0x803F0F34, 0x60000000
0x803F0F3C, 0x60000000
0x803F0F44, 0x60000000
0x803F0F4C, 0x60000000
0x803F0F34, 0x3C60803C
0x803F0F3C, 0x60634C18
0x803F0F44, 0x38800004
0x803F0F4C, 0x4BC12429
0x803F0F34, 0x60000000
0x803F0F3C, 0x60000000
0x803F0F44, 0x60000000
0x803F0F4C, 0x60000000
0x803F0F34, 0x3C60803C
0x803F0F3C, 0x60634C1A
0x803F0F44, 0x38800004
0x803F0F4C, 0x4BC12429
0x803F0F34, 0x60000000
0x803F0F3C, 0x60000000
0x803F0F44, 0x60000000
0x803F0F4C, 0x60000000
0x803F0F34, 0x3C60803C
0x803F0F3C, 0x60634C1B
0x803F0F44, 0x38800004
0x803F0F4C, 0x4BC12429
0x803F0F34, 0x60000000
0x803F0F3C, 0x60000000
0x803F0F44, 0x60000000
0x803F0F4C, 0x60000000
0x803F0F34, 0x3C60803C
0x803F0F3C, 0x60634C1C
0x803F0F44, 0x38800004
0x803F0F4C, 0x4BC12429
0x803F0F34, 0x60000000
0x803F0F3C, 0x60000000
0x803F0F44, 0x60000000
0x803F0F4C, 0x60000000
0x803F0F34, 0x3C60803C
0x803F0F3C, 0x60634C44
0x803F0F44, 0x38800018
0x803F0F4C, 0x4BC12429
0x803F0F34, 0x60000000
0x803F0F3C, 0x60000000
0x803F0F44, 0x60000000
0x803F0F4C, 0x60000000
0x803F0F34, 0x3C60803C
0x803F0F3C, 0x60634C71
0x803F0F44, 0x38800004
0x803F0F4C, 0x4BC12429
0x803F0F34, 0x60000000
0x803F0F3C, 0x60000000
0x803F0F44, 0x60000000
0x803F0F4C, 0x60000000
0x803F0F34, 0x3C60803C
0x803F0F3C, 0x60634C72
0x803F0F44, 0x38800004
0x803F0F4C, 0x4BC12429
0x803F0F34, 0x60000000
0x803F0F3C, 0x60000000
0x803F0F44, 0x60000000
0x803F0F4C, 0x60000000
0x803F0F34, 0x3C60803C
0x803F0F3C, 0x60634C77
0x803F0F44, 0x38800004
0x803F0F4C, 0x4BC12429
0x803F0F34, 0x60000000
0x803F0F3C, 0x60000000
0x803F0F44, 0x60000000
0x803F0F4C, 0x60000000
0x803F0F34, 0x3C60803C
0x803F0F3C, 0x60634C78
0x803F0F44, 0x38800004
0x803F0F4C, 0x4BC12429
0x803F0F34, 0x60000000
0x803F0F3C, 0x60000000
0x803F0F44, 0x60000000
0x803F0F4C, 0x60000000
0x803F0F34, 0x3C60803C
0x803F0F3C, 0x60634CBC
0x803F0F44, 0x38800008
0x803F0F4C, 0x4BC12429
0x803F0F34, 0x60000000
0x803F0F3C, 0x60000000
0x803F0F44, 0x60000000
0x803F0F4C, 0x60000000
0x803F0F34, 0x3C60803C
0x803F0F3C, 0x60634CC5
0x803F0F44, 0x38800004
0x803F0F4C, 0x4BC12429
0x803F0F34, 0x60000000
0x803F0F3C, 0x60000000
0x803F0F44, 0x60000000
0x803F0F4C, 0x60000000
0x803F0F34, 0x3C60803C
0x803F0F3C, 0x60634CC7
0x803F0F44, 0x38800004
0x803F0F4C, 0x4BC12429
0x803F0F34, 0x60000000
0x803F0F3C, 0x60000000
0x803F0F44, 0x60000000
0x803F0F4C, 0x60000000
0x803F0F34, 0x3C60803C
0x803F0F3C, 0x60634D0C
0x803F0F44, 0x38800034
0x803F0F4C, 0x4BC12429
0x803F0F34, 0x60000000
0x803F0F3C, 0x60000000
0x803F0F44, 0x60000000
0x803F0F4C, 0x60000000
0x803F0F34, 0x3C60803C
0x803F0F3C, 0x60635235
0x803F0F44, 0x38800004
0x803F0F4C, 0x4BC12429
0x803F0F34, 0x60000000
0x803F0F3C, 0x60000000
0x803F0F44, 0x60000000
0x803F0F4C, 0x60000000
0x803F0F34, 0x3C60803C
0x803F0F3C, 0x60635235
0x803F0F44, 0x38800004
0x803F0F4C, 0x4BC12429
0x803F0F34, 0x60000000
0x803F0F3C, 0x60000000
0x803F0F44, 0x60000000
0x803F0F4C, 0x60000000
0x803F0F34, 0x3C60803C
0x803F0F3C, 0x60635236
0x803F0F44, 0x38800004
0x803F0F4C, 0x4BC12429
0x803F0F34, 0x60000000
0x803F0F3C, 0x60000000
0x803F0F44, 0x60000000
0x803F0F4C, 0x60000000
0x803F0F34, 0x3C60803C
0x803F0F3C, 0x6063523B
0x803F0F44, 0x38800004
0x803F0F4C, 0x4BC12429
0x803F0F34, 0x60000000
0x803F0F3C, 0x60000000
0x803F0F44, 0x60000000
0x803F0F4C, 0x60000000
0x803F0F34, 0x3C60803C
0x803F0F3C, 0x60635245
0x803F0F44, 0x38800004
0x803F0F4C, 0x4BC12429
0x803F0F34, 0x60000000
0x803F0F3C, 0x60000000
0x803F0F44, 0x60000000
0x803F0F4C, 0x60000000
0x803F0F34, 0x3C60803C
0x803F0F3C, 0x6063524B
0x803F0F44, 0x38800004
0x803F0F4C, 0x4BC12429
0x803F0F34, 0x60000000
0x803F0F3C, 0x60000000
0x803F0F44, 0x60000000
0x803F0F4C, 0x60000000
0x803F0F34, 0x3C60803C
0x803F0F3C, 0x60635256
0x803F0F44, 0x38800004
0x803F0F4C, 0x4BC12429
0x803F0F34, 0x60000000
0x803F0F3C, 0x60000000
0x803F0F44, 0x60000000
0x803F0F4C, 0x60000000
0x803F0F34, 0x3C60803C
0x803F0F3C, 0x60635259
0x803F0F44, 0x38800004
0x803F0F4C, 0x4BC12429
0x803F0F34, 0x60000000
0x803F0F3C, 0x60000000
0x803F0F44, 0x60000000
0x803F0F4C, 0x60000000
0x803F0F34, 0x3C60803C
0x803F0F3C, 0x6063525B
0x803F0F44, 0x38800004
0x803F0F4C, 0x4BC12429
0x803F0F34, 0x60000000
0x803F0F3C, 0x60000000
0x803F0F44, 0x60000000
0x803F0F4C, 0x60000000
0x803F0F34, 0x3C60803C
0x803F0F3C, 0x60635E44
0x803F0F44, 0x38800004
0x803F0F4C, 0x4BC12429
0x803F0F34, 0x60000000
0x803F0F3C, 0x60000000
0x803F0F44, 0x60000000
0x803F0F4C, 0x60000000
0x803F0F34, 0x3C60803C
0x803F0F3C, 0x6063A768
0x803F0F44, 0x38800004
0x803F0F4C, 0x4BC12429
0x803F0F34, 0x60000000
0x803F0F3C, 0x60000000
0x803F0F44, 0x60000000
0x803F0F4C, 0x60000000
0x803F0F34, 0x3C60803C
0x803F0F3C, 0x6063A77E
0x803F0F44, 0x38800004
0x803F0F4C, 0x4BC12429
0x803F0F34, 0x60000000
0x803F0F3C, 0x60000000
0x803F0F44, 0x60000000
0x803F0F4C, 0x60000000
0x803F0F34, 0x3C60803E
0x803F0F3C, 0x60635480
0x803F0F44, 0x38800004
0x803F0F4C, 0x4BC12429
0x803F0F34, 0x60000000
0x803F0F3C, 0x60000000
0x803F0F44, 0x60000000
0x803F0F4C, 0x60000000
